address,address-text,addressbase-custodian,amount,attribution,billing-authority,cardinality,category,census-area,citizen-name,citizen-names,clinical-commissioning-group,collection,combined-authority,company,conservation-area,contact,contribution-funding-status,contribution-purpose,copyright,country,dataset,datatype,datetime,default-field,deliverable,description,developer-agreement,developer-agreement-contribution,developer-agreement-transaction,developer-agreement-type,development-corporation,development-metric,development-plan,development-plan-document,development-plan-status,development-plan-timetable,development-plan-type,development-policies,development-policy,development-policy-area,development-policy-categories,development-policy-category,document,document-url,documentation-url,elapsed,end-date,endpoint,endpoint-url,entry-date,esd-inventory,field,fields,further-education-college-region-uk,further-education-college-uk,geography,geographies,geometry,government-domain,government-organisation,government-service,hash,hazardous-substances,hectares,hostname,identifier,internal-drainage-board,item,jobcentre,jobcentre-district,jobcentre-group,json,key-field,legal-instrument,legislation,licence,local-authority-eng,local-authority-nir,local-authority-sct,local-authority-type,local-resilience-forum,maximum-net-dwellings,minimum-net-dwellings,name,name-cy,national-park-authority,notes,number,official-name,official-name-cy,opendatacommunities-area,opendatacommunities-organisation,organisation,organisations,ownership-status,parameter,parameters,parent-field,pattern,phase,pipeline,planning-application,planning-permission-date,planning-permission-history,planning-permission-status,planning-permission-type,plugin,point,principal-local-authority,prison-estate,provenance,public-authority,purpose,region,regional-park-authority,register,registration-district,registry,replacement-field,request-headers,resource,response-headers,schema,school-type-eng,separator,shielding-hub,short-name,site,site-address,site-plan-url,source,specification,start-date,statistical-geographies,statistical-geography,statistical-geography-county-eng,statistical-geography-local-government-district-nir,statistical-geography-london-borough-eng,statistical-geography-metropolitan-district-eng,statistical-geography-non-metropolitan-district-eng,statistical-geography-registration-district-eng,statistical-geography-registration-district-wls,statistical-geography-unitary-authority-eng,statistical-geography-unitary-authority-wls,status,strategic,street,string,territory,text,transport-authority,twitter,typology,uk,units,url,value,website,wikidata-item
,,,,,,,,,,,,,,,,,,,,,,,,,yes,,,,,,,,,,,,,,,,,,,,,,,,,2020-06-25,,,,,,,,,,,,,,0.48,,,,,,,,,,,,,,,,,,28,28,,,,"The site comprises of former allotment land adjoining the canal

Allocated as a Non-strategic site in NBBC Borough Plan 2011-2031, (NUN015)",,,,,,,,owned by a public authority,,,,,,,,,,not permissioned,,,,,,,,,,,,,,,,,,,,,,,BF001,"Land at Donnithorne Avenue, Nuneaton",https://www.nuneatonandbedworth.gov.uk/downloads/file/2200/brownfield_register_-_individual_site_maps_2019,,,,,,,,,,,,,,,,,,,,,,,,,,,,,
,,,,,,,,,,,,,,,,,,,,,,,,,yes,,,,,,,,,,,,,,,,,,,,,,,,,2020-06-25,,,,,,,,,,,,,,0.68,,,,,,,,,,,,,,,,,,67,67,,,,"The site comprises of informal car parking, a residential property and club with some old industrial buildings.

Allocated as a Non-strategic site in NBBC Borough Plan 2011-2031, (NUN043)",,,,,,,,not owned by a public authority,,,,,,,,,,not permissioned,,,,,,,,,,,,,,,,,,,,,,,BF002,"Stockingford Sports and Social Club and Bungalow, Arbury Road, Nuneaton",https://www.nuneatonandbedworth.gov.uk/downloads/file/2200/brownfield_register_-_individual_site_maps_2019,,,,,,,,,,,,,,,,,,,,,,,,,,,,,
,,,,,,,,,,,,,,,,,,,,,,,,,yes,,,,,,,,,,,,,,,,,,,,,,,,,2020-06-25,,,,,,,,,,,,,,0.45,,,,,,,,,,,,,,,,,,44,44,,,,"The site comprises of light industrial/office/education  buildings and associated parking.

Allocated as a Non-strategic site in NBBC Borough Plan 2011-2031, (NUN047)",,,,,,,,not owned by a public authority,,,,,,,,,,not permissioned,,,,,,,,,,,,,,,,,,,,,,,BF003,"King Edward Road, Nuneaton",https://www.nuneatonandbedworth.gov.uk/downloads/file/2200/brownfield_register_-_individual_site_maps_2019,,,,,,,,,,,,,,,,,,,,,,,,,,,,,
,,,,,,,,,,,,,,,,,,,,,,,,,yes,,,,,,,,,,,,,,,,,,,,,,,,,2020-06-25,,,,,,,,,,,,,,0.28,,,,,,,,,,,,,,,,,,27,27,,,,"This is a clear site with rubble hard-core in situ. 

The site is adjacent to BF003

Allocated as a Non-strategic site in NBBC Borough Plan 2011-2031, (NUN051)",,,,,,,,not owned by a public authority,,,,,,,,,,not permissioned,,,,,,,,,,,,,,,,,,,,,,,BF004,"Rear of 68 King Edward Road, Nuneaton",https://www.nuneatonandbedworth.gov.uk/downloads/file/2200/brownfield_register_-_individual_site_maps_2020,,,,,,,,,,,,,,,,,,,,,,,,,,,,,
,,,,,,,,,,,,,,,,,,,,,,,,,yes,,,,,,,,,,,,,,,,,,,,,,,,,2020-06-25,,,,,,,,,,,,,,0.22,,,,,,,,,,,,,,,,,,22,22,,,,"The site comprises of a series of lock-ups and garages on an existing estate. The surrounding hard standing has overgrown and is now derelict. This site offers good infill opportunity.

Allocated as a Non-strategic site in NBBC Borough Plan 2011-2031, (NUN060)",,,,,,,,owned by a public authority,,,,,,,,,,not permissioned,,,,,,,,,,,,,,,,,,,,,,,BF005,"Pine Tree Road, Bedworth",https://www.nuneatonandbedworth.gov.uk/downloads/file/2200/brownfield_register_-_individual_site_maps_2021,,,,,,,,,,,,,,,,,,,,,,,,,,,,,
,,,,,,,,,,,,,,,,,,,,,,,,,yes,,,,,,,,,,,,,,,,,,,,,,,,,2020-06-25,,,,,,,,,,,,,,0.24,,,,,,,,,,,,,,,,,,14,14,,,,"""The site is scrub land and an area of informal parking. The site is adjacent to a popular well maintained pub.

Allocated as a Non-strategic site in NBBC Borough Plan 2011-2031 (NUN061)

Planning permission was granted on 11/04/2017 for 14 dwellings 033762""",,,,,,,,not owned by a public authority,,,,,,,,2017-04-11,https://customer.nuneatonandbedworth.gov.uk/en/AchieveForms/?form_uri=sandbox-publish://AF-Process-bb4f1551-25f7-4c9d-9504-359555b4764c/AF-Stage-52bb890a-7580-4889-8b19-31d27fd8a3bd/definition.json&redirectlink=/en&cancelRedirectLink=/en&consentMessage=yes&noLoginPrompt=1,permissioned,full planning permission,,,,,,,,,,,,,,,,,,,,,,BF006,"Rear of 25-39 Whitburn Road, Bedworth",https://www.nuneatonandbedworth.gov.uk/downloads/file/2200/brownfield_register_-_individual_site_maps_2022,,,,,,,,,,,,,,,,,,,,,,,,,,,,,
,,,,,,,,,,,,,,,,,,,,,,,,,yes,,,,,,,,,,,,,,,,,,,,,,,,,2020-06-25,,,,,,,,,,,,,,0.31,,,,,,,,,,,,,,,,,,44,14,,,,"""Existing public house, garden and carpark.

Allocated as a Non-strategic site in NBBC Borough Plan 2011-2031 (NUN065)

Planning permission was granted on 13/04/2017 for 14 dwellings Ref: 034236

Planning permission granted 12/03/2019 for 44 dwellings Ref: 035641""",,,,,,,,not owned by a public authority,,,,,,,,2017-04-13,https://customer.nuneatonandbedworth.gov.uk/en/AchieveForms/?form_uri=sandbox-publish://AF-Process-bb4f1551-25f7-4c9d-9504-359555b4764c/AF-Stage-52bb890a-7580-4889-8b19-31d27fd8a3bd/definition.json&redirectlink=/en&cancelRedirectLink=/en&consentMessage=yes&noLoginPrompt=1,permissioned,full planning permission,,,,,,,,,,,,,,,,,,,,,,BF007,"New Inn Public House, Bulkington",https://www.nuneatonandbedworth.gov.uk/downloads/file/2200/brownfield_register_-_individual_site_maps_2023,,,,,,,,,,,,,,,,,,,,,,,,,,,,,
,,,,,,,,,,,,,,,,,,,,,,,,,yes,,,,,,,,,,,,,,,,,,,,,,,,,2020-06-25,,,,,,,,,,,,,,0.18,,,,,,,,,,,,,,,,,,17,17,,,,"Vacant land - disused play area

Allocated as a Non-strategic site in NBBC Borough Plan 2011-2031 (NUN075)",,,,,,,,owned by a public authority,,,,,,,,,,not permissioned,,,,,,,,,,,,,,,,,,,,,,,BF008,"Rear of Park Road flats, Bedworth",https://www.nuneatonandbedworth.gov.uk/downloads/file/2200/brownfield_register_-_individual_site_maps_2024,,,,,,,,,,,,,,,,,,,,,,,,,,,,,
,,,,,,,,,,,,,,,,,,,,,,,,,yes,,,,,,,,,,,,,,,,,,,,,,,,,2020-06-25,,,,,,,,,,,,,,2.16,,,,,,,,,,,,,,,,,,66,66,,,,"Previously used as garage courts and parking

Allocated as a Non-strategic site in NBBC Borough Plan 2011-2031 (NUN174)",,,,,,,,owned by a public authority,,,,,,,,,,not permissioned,,,,,,,,,,,,,,,,,,,,,,,BF009,"Charity Docks, Land rear of Furnace Road/Beechwood Road, Bedworth",https://www.nuneatonandbedworth.gov.uk/downloads/file/2200/brownfield_register_-_individual_site_maps_2025,,,,,,,,,,,,,,,,,,,,,,,,,,,,,
,,,,,,,,,,,,,,,,,,,,,,,,,yes,,,,,,,,,,,,,,,,,,,,,,2019-03-31,,,2020-06-25,,,,,,,,,,,,,,2.34,,,,,,,,,,,,,,,,,,143,95,,,,"""2016/17: Council depot site. The depot has  relocated.

2017/18: Full planning permission 035402 for residential development of 95 affordable units granted permission.

Allocated as a Non-strategic site in NBBC Borough Plan 2011-2031 for 143 dwellings (NUN191)

2018/19 The development is under construction""",,,,,,,,owned by a public authority,,,,,,,,2018-07-06,https://customer.nuneatonandbedworth.gov.uk/en/AchieveForms/?form_uri=sandbox-publish://AF-Process-bb4f1551-25f7-4c9d-9504-359555b4764c/AF-Stage-52bb890a-7580-4889-8b19-31d27fd8a3bd/definition.json&redirectlink=/en&cancelRedirectLink=/en&consentMessage=yes&noLoginPrompt=1,permissioned,full planning permission,,,,,,,,,,,,,,,,,,,,,,BF010,"St Marys Road Council Depot, St Marys Road, Nuneaton",https://www.nuneatonandbedworth.gov.uk/downloads/file/2200/brownfield_register_-_individual_site_maps_2026,,,,,,,,,,,,,,,,,,,,,,,,,,,,,
,,,,,,,,,,,,,,,,,,,,,,,,,yes,,,,,,,,,,,,,,,,,,,,,,,,,2020-06-25,,,,,,,,,,,,,,0.16,,,,,,,,,,,,,,,,,,19,19,,,,"""Formerly Council owned garages in a residential area.

Allocated as a Non-strategic site in NBBC Borough Plan 2011-2031 (NUN0239)

Application for 13 dwellings Ref 032092 was refused on 6/11/2013""",,,,,,,,owned by a public authority,,,,,,,,,,not permissioned,,,,,,,,,,,,,,,,,,,,,,,BF011,"Garage site, entrance adjacent to 35 Armson Road, Bedworth",https://www.nuneatonandbedworth.gov.uk/downloads/file/2200/brownfield_register_-_individual_site_maps_2027,,,,,,,,,,,,,,,,,,,,,,,,,,,,,
,,,,,,,,,,,,,,,,,,,,,,,,,yes,,,,,,,,,,,,,,,,,,,,,,,,,2020-06-25,,,,,,,,,,,,,,0.13,,,,,,,,,,,,,,,,,,13,13,,,,"""The site is a small area of hardstanding used partly as a carpark and open space. The site is part of the old Engine House. 

The site is located in a residential estate.

Allocated as a Non-strategic site in NBBC Borough Plan 2011-2031 (NUN242)""",,,,,,,,owned by a public authority,,,,,,,,,,not permissioned,,,,,,,,,,,,,,,,,,,,,,,BF012,"Hawkesbury Pump House, Heritage Drive, Hawkesbury",https://www.nuneatonandbedworth.gov.uk/downloads/file/2200/brownfield_register_-_individual_site_maps_2028,,,,,,,,,,,,,,,,,,,,,,,,,,,,,
,,,,,,,,,,,,,,,,,,,,,,,,,yes,,,,,,,,,,,,,,,,,,,,,,,,,2020-06-25,,,,,,,,,,,,,,0.22,,,,,,,,,,,,,,,,,,22,22,,,,"Existing garage/parking court shops with flats above. 

Allocated as a Non-strategic site in NBBC Borough Plan 2011-2031 (NUN245)",,,,,,,,not owned by a public authority,,,,,,,,,,not permissioned,,,,,,,,,,,,,,,,,,,,,,,BF013,"21 Church Road, Nuneaton",https://www.nuneatonandbedworth.gov.uk/downloads/file/2200/brownfield_register_-_individual_site_maps_2029,,,,,,,,,,,,,,,,,,,,,,,,,,,,,
,,,,,,,,,,,,,,,,,,,,,,,,,yes,,,,,,,,,,,,,,,,,,,,,,,,,2020-06-25,,,,,,,,,,,,,,0.11,,,,,,,,,,,,,,,,,,14,11,,,,"""Commercial and Residential unit in a local centre with existing residential properties.  There is a public house (The Fox) to the south and a Liberal Club to the north.

Allocated as a Non-strategic site in NBBC Borough Plan 2011-2031 for 11 dwellings (NUN258)

Full planning permission 035370, 14 assisted living apartments granted 9/8/2019

November 2019 demolition works started",,,,,,,,not owned by a public authority,,,,,,,,2019-08-09,https://customer.nuneatonandbedworth.gov.uk/en/AchieveForms/?form_uri=sandbox-publish://AF-Process-bb4f1551-25f7-4c9d-9504-359555b4764c/AF-Stage-52bb890a-7580-4889-8b19-31d27fd8a3bd/definition.json&redirectlink=/en&cancelRedirectLink=/en&consentMessage=yes&noLoginPrompt=1,permissioned,full planning permission,,,,,,,,,,,,,,,,,,,,,,BF014,"14-16 The Square, Attleborough, Nuneaton",https://www.nuneatonandbedworth.gov.uk/downloads/file/2200/brownfield_register_-_individual_site_maps_2030,,,,,,,,,,,,,,,,,,,,,,,,,,,,,
,,,,,,,,,,,,,,,,,,,,,,,,,yes,,,,,,,,,,,,,,,,,,,,,,,,,2020-06-25,,,,,,,,,,,,,,0.13,,,,,,,,,,,,,,,,,,13,13,,,,"The site consists of a wooden Scout Hut and derelict land.

Allocated as a Non-strategic site in NBBC Borough Plan 2011-2031 (NUN263)",,,,,,,,owned by a public authority,,,,,,,,,,not permissioned,,,,,,,,,,,,,,,,,,,,,,,BF015,"Land rear of Aldi, Park Road, Bedworth",https://www.nuneatonandbedworth.gov.uk/downloads/file/2200/brownfield_register_-_individual_site_maps_2031,,,,,,,,,,,,,,,,,,,,,,,,,,,,,
,,,,,,,,,,,,,,,,,,,,,,,,,yes,,,,,,,,,,,,,,,,,,,,,,,,,2020-06-25,,,,,,,,,,,,,,1.4,,,,,,,,,,,,,,,,,,43,43,,,,"The site is located in the Greenbelt consisting of farm buildings and farmland.

Allocated as a Non-strategic site in NBBC Borough Plan 2011-2031 (NUN318)",,,,,,,,not owned by a public authority,,,,,,,,,,not permissioned,,,,,,,,,,,,,,,,,,,,,,,BF016,"Land rear of Marston House Farm, Nuneaton Road, Bulkington",https://www.nuneatonandbedworth.gov.uk/downloads/file/2200/brownfield_register_-_individual_site_maps_2032,,,,,,,,,,,,,,,,,,,,,,,,,,,,,
,,,,,,,,,,,,,,,,,,,,,,,,,yes,,,,,,,,,,,,,,,,,,,,,,,,,2020-06-25,,,,,,,,,,,,,,0.14,,,,,,,,,,,,,,,,,,13,13,,,,"Garage and parking site.

Allocated as a Non-strategic site in NBBC Borough Plan 2011-2031 (NUN323)",,,,,,,,owned by a public authority,,,,,,,,,,not permissioned,,,,,,,,,,,,,,,,,,,,,,,BF017,"Acacia Crescent, Bedworth",https://www.nuneatonandbedworth.gov.uk/downloads/file/2200/brownfield_register_-_individual_site_maps_2033,,,,,,,,,,,,,,,,,,,,,,,,,,,,,
,,,,,,,,,,,,,,,,,,,,,,,,,yes,,,,,,,,,,,,,,,,,,,,,,,,,2020-06-25,,,,,,,,,,,,,,0.28,,,,,,,,,,,,,,,,,,27,27,,,,"Former prefab site, the site has been cleared and laid out. 

Allocated as a Non-strategic site in NBBC Borough Plan 2011-2031 (NUN348)",,,,,,,,owned by a public authority,,,,,,,,,,not permissioned,,,,,,,,,,,,,,,,,,,,,,,BF018,"Vale View, opposite number 84, Nuneaton",https://www.nuneatonandbedworth.gov.uk/downloads/file/2200/brownfield_register_-_individual_site_maps_2034,,,,,,,,,,,,,,,,,,,,,,,,,,,,,
,,,,,,,,,,,,,,,,,,,,,,,,,yes,,,,,,,,,,,,,,,,,,,,,,,,,2020-06-25,,,,,,,,,,,,,,0.12,,,,,,,,,,,,,,,,,,12,12,,,,"Disused garage site. Some garages have been demolished. 

Allocated as a Non-strategic site in NBBC Borough Plan 2011-2031 (NUN350)",,,,,,,,owned by a public authority,,,,,,,,,,not permissioned,,,,,,,,,,,,,,,,,,,,,,,BF019,"Disused garage site, Raveloe Drive, Nuneaton",https://www.nuneatonandbedworth.gov.uk/downloads/file/2200/brownfield_register_-_individual_site_maps_2035,,,,,,,,,,,,,,,,,,,,,,,,,,,,,
,,,,,,,,,,,,,,,,,,,,,,,,,yes,,,,,,,,,,,,,,,,,,,,,,,,,2020-06-25,,,,,,,,,,,,,,0.14,,,,,,,,,,,,,,,,,,13,13,,,,"The site was a former garage site that was demolished and changed to a play area. The play area has now been demolished and the site is part grass/ part concrete.

Allocated as a Non-strategic site in NBBC Borough Plan 2011-2031 (NUN352)",,,,,,,,owned by a public authority,,,,,,,,,,not permissioned,,,,,,,,,,,,,,,,,,,,,,,BF020,"Former play area, Cheveral Road, Bedworth",https://www.nuneatonandbedworth.gov.uk/downloads/file/2200/brownfield_register_-_individual_site_maps_2036,,,,,,,,,,,,,,,,,,,,,,,,,,,,,
,,,,,,,,,,,,,,,,,,,,,,,,,yes,,,,,,,,,,,,,,,,,,,,,,,,,2020-06-25,,,,,,,,,,,,,,0.68,,,,,,,,,,,,,,,,,,18,18,,,,"Community centre and play area. No longer in use.

Allocated as a Non-strategic site in NBBC Borough Plan 2011-2031 (NUN356)",,,,,,,,owned by a public authority,,,,,,,,,,not permissioned,,,,,,,,,,,,,,,,,,,,,,,BF021,"The Elizabeth Centre, Johnson Road, Bedworth, CV12 9BH",https://www.nuneatonandbedworth.gov.uk/downloads/file/2200/brownfield_register_-_individual_site_maps_2037,,,,,,,,,,,,,,,,,,,,,,,,,,,,,
,,,,,,,,,,,,,,,,,,,,,,,,,yes,,,,,,,,,,,,,,,,,,,,,,,,,2020-06-25,,,,,,,,,,,,,,0.38,,,,,,,,,,,,,,,,,,9,9,,,,"""Planning permission 012181 granted consent for 19 dwellings. 10 flats are complete and have been for a number of years, but they have never been occupied. The 9 houses are yet to be built.

 The planning permission is extant.

2018/19 Application for Reserved Matters 036108 granted 7/2/2019""",,,,,,,,not owned by a public authority,,,,,,,,2008-04-22,https://customer.nuneatonandbedworth.gov.uk/en/AchieveForms/?form_uri=sandbox-publish://AF-Process-bb4f1551-25f7-4c9d-9504-359555b4764c/AF-Stage-52bb890a-7580-4889-8b19-31d27fd8a3bd/definition.json&redirectlink=/en&cancelRedirectLink=/en&consentMessage=yes&noLoginPrompt=1,permissioned,full planning permission,,,,,,,,,,,,,,,,,,,,,,BF022,"Chapel Street, Bedworth",https://www.nuneatonandbedworth.gov.uk/downloads/file/2200/brownfield_register_-_individual_site_maps_2038,,,,,,,,,,,,,,,,,,,,,,,,,,,,,
,,,,,,,,,,,,,,,,,,,,,,,,,yes,,,,,,,,,,,,,,,,,,,,,,,,,2020-06-25,,,,,,,,,,,,,,0.17,,,,,,,,,,,,,,,,,,14,14,,,,"Planning permission 012088. Some trench foundations have been dug, but no dwellings have been built. The site is overgrown, but considered Extant",,,,,,,,not owned by a public authority,,,,,,,,2008-09-05,https://customer.nuneatonandbedworth.gov.uk/en/AchieveForms/?form_uri=sandbox-publish://AF-Process-bb4f1551-25f7-4c9d-9504-359555b4764c/AF-Stage-52bb890a-7580-4889-8b19-31d27fd8a3bd/definition.json&redirectlink=/en&cancelRedirectLink=/en&consentMessage=yes&noLoginPrompt=1,permissioned,full planning permission,,,,,,,,,,,,,,,,,,,,,,BF023,"15 Ash Green Lane, Exhall",https://www.nuneatonandbedworth.gov.uk/downloads/file/2200/brownfield_register_-_individual_site_maps_2039,,,,,,,,,,,,,,,,,,,,,,,,,,,,,
,,,,,,,,,,,,,,,,,,,,,,,,,yes,,,,,,,,,,,,,,,,,,,,,,,,,2020-06-25,,,,,,,,,,,,,,0.14,,,,,,,,,,,,,,,,,,11,11,,,,"""Planning permission 010399. Some works on site have commenced but no dwellings have been built. The site is overgrown, but considered extant. 

October 2017 land For Sale with Howkins & Harrison, as a development site.""",,,,,,,,not owned by a public authority,,,,,,,,2006-07-13,https://customer.nuneatonandbedworth.gov.uk/en/AchieveForms/?form_uri=sandbox-publish://AF-Process-bb4f1551-25f7-4c9d-9504-359555b4764c/AF-Stage-52bb890a-7580-4889-8b19-31d27fd8a3bd/definition.json&redirectlink=/en&cancelRedirectLink=/en&consentMessage=yes&noLoginPrompt=1,permissioned,full planning permission,,,,,,,,,,,,,,,,,,,,,,BF024,"Land off Atholl Cres, Nuneaton",https://www.nuneatonandbedworth.gov.uk/downloads/file/2200/brownfield_register_-_individual_site_maps_2040,,,,,,,,,,,,,,,,,,,,,,,,,,,,,
,,,,,,,,,,,,,,,,,,,,,,,,,yes,,,,,,,,,,,,,,,,,,,,,,,,,2020-06-25,,,,,,,,,,,,,,0.07,,,,,,,,,,,,,,,,,,14,14,,,,"""Planning Permission 010197. Some works on site have commenced but no dwellings have been built. The site is overgrown, but considered extant. 

October 2017 the site For Sale with Loveitts.""",,,,,,,,not owned by a public authority,,,,,,,,2011-06-12,https://customer.nuneatonandbedworth.gov.uk/en/AchieveForms/?form_uri=sandbox-publish://AF-Process-bb4f1551-25f7-4c9d-9504-359555b4764c/AF-Stage-52bb890a-7580-4889-8b19-31d27fd8a3bd/definition.json&redirectlink=/en&cancelRedirectLink=/en&consentMessage=yes&noLoginPrompt=1,permissioned,full planning permission,,,,,,,,,,,,,,,,,,,,,,BF025,"Queens Rd, 265, Nuneaton",https://www.nuneatonandbedworth.gov.uk/downloads/file/2200/brownfield_register_-_individual_site_maps_2041,,,,,,,,,,,,,,,,,,,,,,,,,,,,,
,,,,,,,,,,,,,,,,,,,,,,,,,yes,,,,,,,,,,,,,,,,,,,,,,,,,2020-06-25,,,,,,,,,,,,,,0.08,,,,,,,,,,,,,,,,,,8,8,,,,"The site presently comprises of two single story bungalows. Planning permission  Ref: 032373 gives permission for the existing bungalows to be demolished. 

32373 expired 4/3/2019. No new applications have been submitted. Applications for residential developments may be considered.",,,,,,,,not owned by a public authority,,,,,,,,2016-03-04,https://customer.nuneatonandbedworth.gov.uk/en/AchieveForms/?form_uri=sandbox-publish://AF-Process-bb4f1551-25f7-4c9d-9504-359555b4764c/AF-Stage-52bb890a-7580-4889-8b19-31d27fd8a3bd/definition.json&redirectlink=/en&cancelRedirectLink=/en&consentMessage=yes&noLoginPrompt=1,permissioned,full planning permission,,,,,,,,,,,,,,,,,,,,,,BF026,"22 & 24 Deacon Street, Nuneaton, (Site 51C008)",https://www.nuneatonandbedworth.gov.uk/downloads/file/2200/brownfield_register_-_individual_site_maps_2042,,,,,,,,,,,,,,,,,,,,,,,,,,,,,
,,,,,,,,,,,,,,,,,,,,,,,,,yes,,,,,,,,,,,,,,,,,,,,,,,,,2020-06-25,,,,,,,,,,,,,,0.2,,,,,,,,,,,,,,,,,,13,13,,,,"""Planning permission Ref: 032815 gives permission for 28 apartments and 2 houses. There is currently a disused Public House and former Cinema on the development site, both are in a poor condition. 

32815  expired 12/11/2018. New permission granted 35826  31/7/2019""",,,,,,,,not owned by a public authority,,,,,,,,2015-11-12,https://customer.nuneatonandbedworth.gov.uk/en/AchieveForms/?form_uri=sandbox-publish://AF-Process-bb4f1551-25f7-4c9d-9504-359555b4764c/AF-Stage-52bb890a-7580-4889-8b19-31d27fd8a3bd/definition.json&redirectlink=/en&cancelRedirectLink=/en&consentMessage=yes&noLoginPrompt=1,permissioned,full planning permission,,,,,,,,,,,,,,,,,,,,,,BF027,"Site 106a014, (92a) King Street, Bedworth",https://www.nuneatonandbedworth.gov.uk/downloads/file/2200/brownfield_register_-_individual_site_maps_2043,,,,,,,,,,,,,,,,,,,,,,,,,,,,,
,,,,,,,,,,,,,,,,,,,,,,,,,yes,,,,,,,,,,,,,,,,,,,,,,,,,2020-06-25,,,,,,,,,,,,,,0.04,,,,,,,,,,,,,,,,,,7,7,,,,"""Full planning permission Ref: 033133 granted for 7 flats, but not implemented, expired 31/3/2018.  
Site currently comprises of a residential property and a Repairs and Service Garage.
No new planning applications have been submitted.
Applications for residential developments may be considered.",,,,,,,,not owned by a public authority,,,,,,,,,,not permissioned,,,,,,,,,,,,,,,,,,,,,,,BF028,"24 Charles Street, Nuneaton",https://www.nuneatonandbedworth.gov.uk/downloads/file/2200/brownfield_register_-_individual_site_maps_2044,,,,,,,,,,,,,,,,,,,,,,,,,,,,,
,,,,,,,,,,,,,,,,,,,,,,,,,yes,,,,,,,,,,,,,,,,,,,,,,2019-03-31,,,2020-06-25,,,,,,,,,,,,,,0.07,,,,,,,,,,,,,,,,,,8,8,,,,"Planning permission Ref: 033863 gives permission for 8 flats. There are currently buildings on site. The planning permission is for an extension and proposed demolition works.

2018/19 Development has commenced on site",,,,,,,,not owned by a public authority,,,,,,,,2016-04-11,https://customer.nuneatonandbedworth.gov.uk/en/AchieveForms/?form_uri=sandbox-publish://AF-Process-bb4f1551-25f7-4c9d-9504-359555b4764c/AF-Stage-52bb890a-7580-4889-8b19-31d27fd8a3bd/definition.json&redirectlink=/en&cancelRedirectLink=/en&consentMessage=yes&noLoginPrompt=1,permissioned,full planning permission,,,,,,,,,,,,,,,,,,,,,,BF029,"225 Heath End Road, Nuneaton",https://www.nuneatonandbedworth.gov.uk/downloads/file/2200/brownfield_register_-_individual_site_maps_2045,,,,,,,,,,,,,,,,,,,,,,,,,,,,,
,,,,,,,,,,,,,,,,,,,,,,,,,yes,,,,,,,,,,,,,,,,,,,,,,,,,2020-06-25,,,,,,,,,,,,,,0.18,,,,,,,,,,,,,,,,,,16,16,,,,"""Planning permission Ref: 033551 gives permission for 3 houses and 14 flats. There is a public house on site which has been demolished.

2018/19: Trenches & footings have been dug""",,,,,,,,not owned by a public authority,,,,,,,,2016-07-27,https://customer.nuneatonandbedworth.gov.uk/en/AchieveForms/?form_uri=sandbox-publish://AF-Process-bb4f1551-25f7-4c9d-9504-359555b4764c/AF-Stage-52bb890a-7580-4889-8b19-31d27fd8a3bd/definition.json&redirectlink=/en&cancelRedirectLink=/en&consentMessage=yes&noLoginPrompt=1,permissioned,full planning permission,,,,,,,,,,,,,,,,,,,,,,BF030,"The Carousel, Dark Lane, Bedworth",https://www.nuneatonandbedworth.gov.uk/downloads/file/2200/brownfield_register_-_individual_site_maps_2046,,,,,,,,,,,,,,,,,,,,,,,,,,,,,
,,,,,,,,,,,,,,,,,,,,,,,,,yes,,,,,,,,,,,,,,,,,,,,,,,,,2020-06-25,,,,,,,,,,,,,,0.15,,,,,,,,,,,,,,,,,,6,6,,,,Planning permission Ref: 034403 gives permission for 6 flats. Vacant offices on site.,,,,,,,,not owned by a public authority,,,,,,,,2019-11-21,https://customer.nuneatonandbedworth.gov.uk/en/AchieveForms/?form_uri=sandbox-publish://AF-Process-bb4f1551-25f7-4c9d-9504-359555b4764c/AF-Stage-52bb890a-7580-4889-8b19-31d27fd8a3bd/definition.json&redirectlink=/en&cancelRedirectLink=/en&consentMessage=yes&noLoginPrompt=1,permissioned,full planning permission,,,,,,,,,,,,,,,,,,,,,,BF031,"Site 52C043 (formerly offices 1A-1D The Lodge), School Walk, Nuneaton",https://www.nuneatonandbedworth.gov.uk/downloads/file/2200/brownfield_register_-_individual_site_maps_2047,,,,,,,,,,,,,,,,,,,,,,,,,,,,,
,,,,,,,,,,,,,,,,,,,,,,,,,yes,,,,,,,,,,,,,,,,,,,,,,,,,2020-06-25,,,,,,,,,,,,,,0.03,,,,,,,,,,,,,,,,,,6,6,,,,"Planning permission Ref: 031929  for two houses expired 22/05/2015 without being implemented.

Planning permission Ref: 34193 gives permission for 6 apartments. Lock up garages currently on site.

2018/19: Trenches have been dug and filled with concrete",,,,,,,,not owned by a public authority,,,,,,,,2017-02-22,https://customer.nuneatonandbedworth.gov.uk/en/AchieveForms/?form_uri=sandbox-publish://AF-Process-bb4f1551-25f7-4c9d-9504-359555b4764c/AF-Stage-52bb890a-7580-4889-8b19-31d27fd8a3bd/definition.json&redirectlink=/en&cancelRedirectLink=/en&consentMessage=yes&noLoginPrompt=1,permissioned,full planning permission,,,,,,,,,,,,,,,,,,,,,,BF032,"Site 51B028 - Land and garages, Regent Street, Nuneaton",https://www.nuneatonandbedworth.gov.uk/downloads/file/2200/brownfield_register_-_individual_site_maps_2048,,,,,,,,,,,,,,,,,,,,,,,,,,,,,
,,,,,,,,,,,,,,,,,,,,,,,,,yes,,,,,,,,,,,,,,,,,,,,,,2019-06-03,,,2020-06-25,,,,,,,,,,,,,,0.52,,,,,,,,,,,,,,,,,,2,2,,,,"Planning permission Ref: 33300  for a mixed use, including a conversion for two flats. Disused pub and carpark on site, currently being used as a hand carwash.   

June 2019: Building Control have reported completion",,,,,,,,not owned by a public authority,,,,,,,,2016-06-30,https://customer.nuneatonandbedworth.gov.uk/en/AchieveForms/?form_uri=sandbox-publish://AF-Process-bb4f1551-25f7-4c9d-9504-359555b4764c/AF-Stage-52bb890a-7580-4889-8b19-31d27fd8a3bd/definition.json&redirectlink=/en&cancelRedirectLink=/en&consentMessage=yes&noLoginPrompt=1,permissioned,full planning permission,,,,,,,,,,,,,,,,,,,,,,BF033,"Cherry Tree, Haunchwood Road, Nuneaton",https://www.nuneatonandbedworth.gov.uk/downloads/file/2200/brownfield_register_-_individual_site_maps_2049,,,,,,,,,,,,,,,,,,,,,,,,,,,,,
,,,,,,,,,,,,,,,,,,,,,,,,,yes,,,,,,,,,,,,,,,,,,,,,,,,,2020-06-25,,,,,,,,,,,,,,0.29,,,,,,,,,,,,,,,,,,11,11,,,,"""Planning permission Ref: 034349  is for 11 dwellings. 
2017/18 the sales garage and workshop have been demolished and the site has been cleared.""",,,,,,,,not owned by a public authority,,,,,,,,2017-08-30,https://customer.nuneatonandbedworth.gov.uk/en/AchieveForms/?form_uri=sandbox-publish://AF-Process-bb4f1551-25f7-4c9d-9504-359555b4764c/AF-Stage-52bb890a-7580-4889-8b19-31d27fd8a3bd/definition.json&redirectlink=/en&cancelRedirectLink=/en&consentMessage=yes&noLoginPrompt=1,permissioned,full planning permission,,,,,,,,,,,,,,,,,,,,,,BF034,"Corner House Garage, Nuneaton Road, Bulkington",https://www.nuneatonandbedworth.gov.uk/downloads/file/2200/brownfield_register_-_individual_site_maps_2050,,,,,,,,,,,,,,,,,,,,,,,,,,,,,
,,,,,,,,,,,,,,,,,,,,,,,,,yes,,,,,,,,,,,,,,,,,,,,,,,,,2020-06-25,,,,,,,,,,,,,,0.05,,,,,,,,,,,,,,,,,,5,5,,,,Planning permission Ref: 034761 is for 5 flats. There is currently an occupied bungalow on this corner plot.,,,,,,,,not owned by a public authority,,,,,,,,2017-08-23,https://customer.nuneatonandbedworth.gov.uk/en/AchieveForms/?form_uri=sandbox-publish://AF-Process-bb4f1551-25f7-4c9d-9504-359555b4764c/AF-Stage-52bb890a-7580-4889-8b19-31d27fd8a3bd/definition.json&redirectlink=/en&cancelRedirectLink=/en&consentMessage=yes&noLoginPrompt=1,permissioned,full planning permission,,,,,,,,,,,,,,,,,,,,,,BF035,"120 Lutterworth Road, Nuneaton",https://www.nuneatonandbedworth.gov.uk/downloads/file/2200/brownfield_register_-_individual_site_maps_2051,,,,,,,,,,,,,,,,,,,,,,,,,,,,,
,,,,,,,,,,,,,,,,,,,,,,,,,yes,,,,,,,,,,,,,,,,,,,,,,2019-03-31,,,2020-06-25,,,,,,,,,,,,,,1.73,,,,,,,,,,,,,,,,,,38,38,,,,"Planning permission Ref: 34919 is for 38 dwellings. The site currently accommodates the former Tuttle Hill covered reservoir, which has been decommissioned by Severn Trent.

18/19: Development had commenced with some completions",,,,,,,,not owned by a public authority,,,,,,,,2017-09-14,https://customer.nuneatonandbedworth.gov.uk/en/AchieveForms/?form_uri=sandbox-publish://AF-Process-bb4f1551-25f7-4c9d-9504-359555b4764c/AF-Stage-52bb890a-7580-4889-8b19-31d27fd8a3bd/definition.json&redirectlink=/en&cancelRedirectLink=/en&consentMessage=yes&noLoginPrompt=1,permissioned,reserved matters approval,,,,,,,,,,,,,,,,,,,,,,BF036,"Site 27c003:  Former Reservoir, Mancetter Road, Nuneaton",https://www.nuneatonandbedworth.gov.uk/downloads/file/2200/brownfield_register_-_individual_site_maps_2052,,,,,,,,,,,,,,,,,,,,,,,,,,,,,
,,,,,,,,,,,,,,,,,,,,,,,,,yes,,,,,,,,,,,,,,,,,,,,,,,,,2020-06-25,,,,,,,,,,,,,,0.12,,,,,,,,,,,,,,,,,,10,10,,,,Planning permission Ref: 034568 is for 10 apartments. The site currently accommodates  a single residential property.,,,,,,,,not owned by a public authority,,,,,,,,2017-09-18,https://customer.nuneatonandbedworth.gov.uk/en/AchieveForms/?form_uri=sandbox-publish://AF-Process-bb4f1551-25f7-4c9d-9504-359555b4764c/AF-Stage-52bb890a-7580-4889-8b19-31d27fd8a3bd/definition.json&redirectlink=/en&cancelRedirectLink=/en&consentMessage=yes&noLoginPrompt=1,permissioned,full planning permission,,,,,,,,,,,,,,,,,,,,,,BF037,"187 Heath End Road, Nuneaton",https://www.nuneatonandbedworth.gov.uk/downloads/file/2200/brownfield_register_-_individual_site_maps_2053,,,,,,,,,,,,,,,,,,,,,,,,,,,,,
,,,,,,,,,,,,,,,,,,,,,,,,,yes,,,,,,,,,,,,,,,,,,,,,,,,,2020-06-25,,,,,,,,,,,,,,3.2,,,,,,,,,,,,,,,,,,154,154,,,,"""This is the Outline planning permission for the major regeneration project for Camp Hill. Ref: 029715.  The site is being delivered by the Pride in Camphill project on a phased approach.  The remaining land to which the Outline permission relates is occupied by residential dwellings,  which are to be demolished a part of the redevelopment project. 
The Area (Ha) is approximate

2018/19 Several Resevered matters applications have been granted.""",,,,,,,,mixed ownership,,,,,,,,2009-11-11,https://customer.nuneatonandbedworth.gov.uk/en/AchieveForms/?form_uri=sandbox-publish://AF-Process-bb4f1551-25f7-4c9d-9504-359555b4764c/AF-Stage-52bb890a-7580-4889-8b19-31d27fd8a3bd/definition.json&redirectlink=/en&cancelRedirectLink=/en&consentMessage=yes&noLoginPrompt=1,permissioned,reserved matters approval,,,,,,,,,,,,,,,,,,,,,,BF038,"Camp Hill Phase 3, Nuneaton",https://www.nuneatonandbedworth.gov.uk/downloads/file/2200/brownfield_register_-_individual_site_maps_2054,,,,,,,,,,,,,,,,,,,,,,,,,,,,,
,,,,,,,,,,,,,,,,,,,,,,,,,yes,,,,,,,,,,,,,,,,,,,,,,,,,2020-06-25,,,,,,,,,,,,,,0.19,,,,,,,,,,,,,,,,,,7,7,,,,"""Outline planning permission Ref  032266 granted for  residential development, but not implemented, expired 21/10/2017.

New Full planning application 036046 has been submitted and accepted on 11/12/2018 - the application is pending decision. Application for 14 appartments (WITHDRAWN)

The site currently accommodates operational factory units , which are proposed to be demolished.""",,,,,,,,not owned by a public authority,,,,,,,,,https://customer.nuneatonandbedworth.gov.uk/en/AchieveForms/?form_uri=sandbox-publish://AF-Process-bb4f1551-25f7-4c9d-9504-359555b4764c/AF-Stage-52bb890a-7580-4889-8b19-31d27fd8a3bd/definition.json&redirectlink=/en&cancelRedirectLink=/en&consentMessage=yes&noLoginPrompt=1,not permissioned,,,,,,,,,,,,,,,,,,,,,,,BF039,"Site 51B012: P & C Coils Ltd, Anker Street, Nuneaton, Warwickshire",https://www.nuneatonandbedworth.gov.uk/downloads/file/2200/brownfield_register_-_individual_site_maps_2055,,,,,,,,,,,,,,,,,,,,,,,,,,,,,
,,,,,,,,,,,,,,,,,,,,,,,,,yes,,,,,,,,,,,,,,,,,,,,,,,,,2020-06-25,,,,,,,,,,,,,,0.2,,,,,,,,,,,,,,,,,,12,12,,,,"Outline planning permission 031685 for a  residential development of 12 flats. The site currently accommodates two residential houses (Expired 17/2/2018)

2018/19: Full planning permission  036470 granted 19/07/2019 .",,,,,,,,not owned by a public authority,,,,,,,,2015-02-12,https://customer.nuneatonandbedworth.gov.uk/en/AchieveForms/?form_uri=sandbox-publish://AF-Process-bb4f1551-25f7-4c9d-9504-359555b4764c/AF-Stage-52bb890a-7580-4889-8b19-31d27fd8a3bd/definition.json&redirectlink=/en&cancelRedirectLink=/en&consentMessage=yes&noLoginPrompt=1,permissioned,outline planning permission,,,,,,,,,,,,,,,,,,,,,,BF040,"2 Royal Oak Lane & 347 Goodyers End Lane, Ash Green",https://www.nuneatonandbedworth.gov.uk/downloads/file/2200/brownfield_register_-_individual_site_maps_2056,,,,,,,,,,,,,,,,,,,,,,,,,,,,,
,,,,,,,,,,,,,,,,,,,,,,,,,yes,,,,,,,,,,,,,,,,,,,,,,,,,2020-06-25,,,,,,,,,,,,,,0.1,,,,,,,,,,,,,,,,,,12,12,,,,"Outline planning permission 033203 for a residential development of 12 dwellings. The site currently accommodates a series of buildings (Expired 5/11/2018).

No new planning applications have been submitted.
Applications for residential developments may be considered.",,,,,,,,not owned by a public authority,,,,,,,,2015-11-05,https://customer.nuneatonandbedworth.gov.uk/en/AchieveForms/?form_uri=sandbox-publish://AF-Process-bb4f1551-25f7-4c9d-9504-359555b4764c/AF-Stage-52bb890a-7580-4889-8b19-31d27fd8a3bd/definition.json&redirectlink=/en&cancelRedirectLink=/en&consentMessage=yes&noLoginPrompt=1,permissioned,outline planning permission,,,,,,,,,,,,,,,,,,,,,,BF042,"12-18 Lister Street, Nuneaton",https://www.nuneatonandbedworth.gov.uk/downloads/file/2200/brownfield_register_-_individual_site_maps_2057,,,,,,,,,,,,,,,,,,,,,,,,,,,,,
,,,,,,,,,,,,,,,,,,,,,,,,,yes,,,,,,,,,,,,,,,,,,,,,,,,,2020-06-25,,,,,,,,,,,,,,0.19,,,,,,,,,,,,,,,,,,32,32,,,,"""Full planning permission 030291 granted, but not implemented  expired on 06/10/2014. The land is still vacant.
New Full Planning Permission (034542)  granted  to replace previous expired permission. New permission granted 25/05/2018.""",,,,,,,,not owned by a public authority,,,,,,,,2018-05-25,https://customer.nuneatonandbedworth.gov.uk/en/AchieveForms/?form_uri=sandbox-publish://AF-Process-bb4f1551-25f7-4c9d-9504-359555b4764c/AF-Stage-52bb890a-7580-4889-8b19-31d27fd8a3bd/definition.json&redirectlink=/en&cancelRedirectLink=/en&consentMessage=yes&noLoginPrompt=1,permissioned,full planning permission,,,,,,,,,,,,,,,,,,,,,,BF043,"Queen's Rd, 207-223, Nuneaton",https://www.nuneatonandbedworth.gov.uk/downloads/file/2200/brownfield_register_-_individual_site_maps_2058,,,,,,,,,,,,,,,,,,,,,,,,,,,,,
,,,,,,,,,,,,,,,,,,,,,,,,,yes,,,,,,,,,,,,,,,,,,,,,,,,,2020-06-25,,,,,,,,,,,,,,0.11,,,,,,,,,,,,,,,,,,14,14,,,,"Full planning permission 030460 granted, but not implemented expired on 15/02/2015. The land is still vacant, no new planning applications have been submitted.  Applications for residential developments may be considered.",,,,,,,,not owned by a public authority,,,,,,,,,,not permissioned,,,,,,,,,,,,,,,,,,,,,,,BF044,"Former Corner Pin Pub, King St, Bedworth",https://www.nuneatonandbedworth.gov.uk/downloads/file/2200/brownfield_register_-_individual_site_maps_2059,,,,,,,,,,,,,,,,,,,,,,,,,,,,,
,,,,,,,,,,,,,,,,,,,,,,,,,yes,,,,,,,,,,,,,,,,,,,,,,,,,2020-06-25,,,,,,,,,,,,,,0.24,,,,,,,,,,,,,,,,,,14,14,,,,"Outline planning permission 31109 granted, subject to 106 agreement. Not implemented, expired on 13/06/2015. No new planning applications have been submitted. Applications for residential developments may be considered",,,,,,,,not owned by a public authority,,,,,,,,,,not permissioned,,,,,,,,,,,,,,,,,,,,,,,BF045,"Haunchwood Rd,116-120, Nuneaton",https://www.nuneatonandbedworth.gov.uk/downloads/file/2200/brownfield_register_-_individual_site_maps_2060,,,,,,,,,,,,,,,,,,,,,,,,,,,,,
,,,,,,,,,,,,,,,,,,,,,,,,,yes,,,,,,,,,,,,,,,,,,,,,,,,,2020-06-25,,,,,,,,,,,,,,0.06,,,,,,,,,,,,,,,,,,8,8,,,,"""Full planning permission 030143 granted for 8 flats, but not implemented, expired 05/08/2016.

The site once accommodated St Pauls Hall. This has been demolished and the site has been left cleared.

No  new planning applications have been submitted.

Applications for residential developments may be considered.""",,,,,,,,not owned by a public authority,,,,,,,,,,not permissioned,,,,,,,,,,,,,,,,,,,,,,,BF046,"Site 48C010: Church Rd, between 93 & 99, Nuneaton",https://www.nuneatonandbedworth.gov.uk/downloads/file/2200/brownfield_register_-_individual_site_maps_2061,,,,,,,,,,,,,,,,,,,,,,,,,,,,,
,,,,,,,,,,,,,,,,,,,,,,,,,yes,,,,,,,,,,,,,,,,,,,,,,2019-11-30,,,2020-06-25,,,,,,,,,,,,,,0.85,,,,,,,,,,,,,,,,,,50,50,,,,"Planning permission Ref: 35246 gives permission for 50 retirement living apartments. Vacant retail units on site and surface carpark. 

November 2019: Development nearly completed",,,,,,,,owned by a public authority,,,,,,,,2018-02-21,https://customer.nuneatonandbedworth.gov.uk/en/AchieveForms/?form_uri=sandbox-publish://AF-Process-bb4f1551-25f7-4c9d-9504-359555b4764c/AF-Stage-52bb890a-7580-4889-8b19-31d27fd8a3bd/definition.json&redirectlink=/en&cancelRedirectLink=/en&consentMessage=yes&noLoginPrompt=1,permissioned,full planning permission,,,,,,,,,,,,,,,,,,,,,,BF047,"Site 51A070 - site Church St Mill St Vicarage St, Church Street, Nuneaton",https://www.nuneatonandbedworth.gov.uk/downloads/file/2200/brownfield_register_-_individual_site_maps_2062,,,,,,,,,,,,,,,,,,,,,,,,,,,,,
,,,,,,,,,,,,,,,,,,,,,,,,,yes,,,,,,,,,,,,,,,,,,,,,,,,,2020-06-25,,,,,,,,,,,,,,0.24,,,,,,,,,,,,,,,,,,6,6,,,,Planning permission Ref: 34379  gives permission for 6 dwellings (Granted at Appeal),,,,,,,,not owned by a public authority,,,,,,,,2017-11-02,https://customer.nuneatonandbedworth.gov.uk/en/AchieveForms/?form_uri=sandbox-publish://AF-Process-bb4f1551-25f7-4c9d-9504-359555b4764c/AF-Stage-52bb890a-7580-4889-8b19-31d27fd8a3bd/definition.json&redirectlink=/en&cancelRedirectLink=/en&consentMessage=yes&noLoginPrompt=1,permissioned,full planning permission,,,,,,,,,,,,,,,,,,,,,,BF048,"34 Leyland Road, Nuneaton",https://www.nuneatonandbedworth.gov.uk/downloads/file/2200/brownfield_register_-_individual_site_maps_2063,,,,,,,,,,,,,,,,,,,,,,,,,,,,,
,,,,,,,,,,,,,,,,,,,,,,,,,yes,,,,,,,,,,,,,,,,,,,,,,,,,2020-06-25,,,,,,,,,,,,,,0.1,,,,,,,,,,,,,,,,,,9,9,,,,Planning permission Ref: 35330 gives permission for 9 apartments on land of former garden centre,,,,,,,,not owned by a public authority,,,,,,,,2018-03-22,https://customer.nuneatonandbedworth.gov.uk/en/AchieveForms/?form_uri=sandbox-publish://AF-Process-bb4f1551-25f7-4c9d-9504-359555b4764c/AF-Stage-52bb890a-7580-4889-8b19-31d27fd8a3bd/definition.json&redirectlink=/en&cancelRedirectLink=/en&consentMessage=yes&noLoginPrompt=1,permissioned,full planning permission,,,,,,,,,,,,,,,,,,,,,,BF049,"Land of Former Garden Centre, Site 48a016  Kingswood Road, Kingswood Road, Nuneaton",https://www.nuneatonandbedworth.gov.uk/downloads/file/2200/brownfield_register_-_individual_site_maps_2064,,,,,,,,,,,,,,,,,,,,,,,,,,,,,
,,,,,,,,,,,,,,,,,,,,,,,,,yes,,,,,,,,,,,,,,,,,,,,,,,,,2020-06-25,,,,,,,,,,,,,,0.65,,,,,,,,,,,,,,,,,,29,29,,,,Planning permission Ref: 34424 gives permission for 29 dwellings (granted at appeal),,,,,,,,not owned by a public authority,,,,,,,,2018-05-30,https://customer.nuneatonandbedworth.gov.uk/en/AchieveForms/?form_uri=sandbox-publish://AF-Process-bb4f1551-25f7-4c9d-9504-359555b4764c/AF-Stage-52bb890a-7580-4889-8b19-31d27fd8a3bd/definition.json&redirectlink=/en&cancelRedirectLink=/en&consentMessage=yes&noLoginPrompt=1,permissioned,full planning permission,,,,,,,,,,,,,,,,,,,,,,BF050,"Site 62C004,  Shepperton Business Park, Triton Road, Nuneaton",https://www.nuneatonandbedworth.gov.uk/downloads/file/2200/brownfield_register_-_individual_site_maps_2065,,,,,,,,,,,,,,,,,,,,,,,,,,,,,
,,,,,,,,,,,,,,,,,,,,,,,,,yes,,,,,,,,,,,,,,,,,,,,,,,,,2020-06-25,,,,,,,,,,,,,,0.4,,,,,,,,,,,,,,,,,,14,14,,,,Planning permission Ref: 35824 gives permission for 14 dwellings,,,,,,,,not owned by a public authority,,,,,,,,2019-01-22,https://customer.nuneatonandbedworth.gov.uk/en/AchieveForms/?form_uri=sandbox-publish://AF-Process-bb4f1551-25f7-4c9d-9504-359555b4764c/AF-Stage-52bb890a-7580-4889-8b19-31d27fd8a3bd/definition.json&redirectlink=/en&cancelRedirectLink=/en&consentMessage=yes&noLoginPrompt=1,permissioned,outline planning permission,,,,,,,,,,,,,,,,,,,,,,BF051,"Willow Grange"", Shilton Lane, Bulkington,",https://www.nuneatonandbedworth.gov.uk/downloads/file/2200/brownfield_register_-_individual_site_maps_2066,,,,,,,,,,,,,,,,,,,,,,,,,,,,,
