address,address-text,addressbase-custodian,amount,attribution,billing-authority,cardinality,category,census-area,citizen-name,citizen-names,clinical-commissioning-group,combined-authority,company,contact,contribution-funding-status,contribution-purpose,copyright,country,dataset,datatype,datetime,deliverable,description,developer-agreement,developer-agreement-contribution,developer-agreement-transaction,developer-agreement-type,development-corporation,development-metric,development-plan,development-plan-document,development-plan-status,development-plan-timetable,development-plan-type,development-policies,development-policy,development-policy-categories,development-policy-category,document,document-url,documentation-url,elapsed,end-date,endpoint,endpoint-url,entry-date,esd-inventory,field,fields,further-education-college-region-uk,further-education-college-uk,geography,geographies,geometry,government-domain,government-organisation,government-service,hash,hazardous-substances,hectares,hostname,identifier,internal-drainage-board,item,jobcentre,jobcentre-district,jobcentre-group,json,key-field,latitude,legal-instrument,legislation,licence,local-authority-eng,local-authority-nir,local-authority-sct,local-authority-type,local-resilience-forum,longitude,maximum-net-dwellings,minimum-net-dwellings,name,name-cy,national-park-authority,notes,number,official-name,official-name-cy,opendatacommunities-area,opendatacommunities-organisation,organisation,organisations,ownership-status,parent-field,pattern,phase,pipeline,planning-application,planning-permission-date,planning-permission-history,planning-permission-status,planning-permission-type,point,principal-local-authority,prison-estate,provenance,public-authority,purpose,region,regional-park-authority,register,registration-district,registry,replacement-field,request-headers,resource,response-headers,schema,school-type-eng,script,shielding-hub,short-name,site,site-address,site-plan-url,source,specification,start-date,statistical-geographies,statistical-geography,statistical-geography-county-eng,statistical-geography-local-government-district-nir,statistical-geography-london-borough-eng,statistical-geography-metropolitan-district-eng,statistical-geography-non-metropolitan-district-eng,statistical-geography-registration-district-eng,statistical-geography-registration-district-wls,statistical-geography-unitary-authority-eng,statistical-geography-unitary-authority-wls,status,strategic,street,string,territory,text,timestamp,transport-authority,twitter,typology,uk,units,url,value,website,wikidata-item,OrganisationURI,OrganisationLabel,SiteReference,SiteNameAddress,GeoX,GeoY,SiteplanURL,Hectares,OwnershipStatus,HazardousSubstances,PlanningStatus,PermissionType,PermissionDate,PlanningHistory,MinNetDwellings,NetDwellingsRangeFrom,NetDwellingsRangeTo,Deliverable,Notes,FirstAddedDate,LastUpdatedDate,EndDate,DevelopmentDescription,SiteInformation
,,,,,,,,,,,,,,,,,,,,,,,,,,,,,,,,,,,,,,,,,,,,,,,,,,,,,,,,,,,,,,,,,,,,,,,,,,,,,,,,,,,,,,,,,,,,,,,,,,,,,,,,,,,,,,,,,,,,,,,,,,,,,,,,,,,,,,,,,,,,,,,,,,,,,,,,,,,,http://opendatacommunities.org/id/metropolitan-district-council/wigan,,SHLAA0035,,,,"https://www.arcgis.com/apps/webappviewer/index.html?id=4c4af404cd73491b8cf8dba6fc465395&query=Wigan_Brownfield_2017_Rev_A_9008_0,SITEREF,SHLAA0035",0.8,,,,,,,,,,,", Rosedale Avenue/Water Street  Atherton",01/04/2016,01/04/2016,,,
,,,,,,,,,,,,,,,,,,,,,,,,,,,,,,,,,,,,,,,,,,,,,,,,,,,,,,,,,,,,,,,,,,,,,,,,,,,,,,,,,,,,,,,,,,,,,,,,,,,,,,,,,,,,,,,,,,,,,,,,,,,,,,,,,,,,,,,,,,,,,,,,,,,,,,,,,,,,http://opendatacommunities.org/id/metropolitan-district-council/wigan,,SHLAA0056,,,,"https://www.arcgis.com/apps/webappviewer/index.html?id=4c4af404cd73491b8cf8dba6fc465395&query=Wigan_Brownfield_2017_Rev_A_9008_0,SITEREF,SHLAA0056",0.26,,,,,,,,,,,", Land at Coop Street Scholes Wigan",01/04/2016,01/04/2016,,,
,,,,,,,,,,,,,,,,,,,,,,,,,,,,,,,,,,,,,,,,,,,,,,,,,,,,,,,,,,,,,,,,,,,,,,,,,,,,,,,,,,,,,,,,,,,,,,,,,,,,,,,,,,,,,,,,,,,,,,,,,,,,,,,,,,,,,,,,,,,,,,,,,,,,,,,,,,,,http://opendatacommunities.org/id/metropolitan-district-council/wigan,,SHLAA0253,,,,"https://www.arcgis.com/apps/webappviewer/index.html?id=4c4af404cd73491b8cf8dba6fc465395&query=Wigan_Brownfield_2017_Rev_A_9008_0,SITEREF,SHLAA0253",0.27,,,,,,,,,,,"A/16/83089 refers, Shanghai Palace Poolstock Wigan",01/04/2016,31/07/2017,,,
,,,,,,,,,,,,,,,,,,,,,,,,,,,,,,,,,,,,,,,,,,,,,,,,,,,,,,,,,,,,,,,,,,,,,,,,,,,,,,,,,,,,,,,,,,,,,,,,,,,,,,,,,,,,,,,,,,,,,,,,,,,,,,,,,,,,,,,,,,,,,,,,,,,,,,,,,,,,http://opendatacommunities.org/id/metropolitan-district-council/wigan,,SHLAA0229,,,,"https://www.arcgis.com/apps/webappviewer/index.html?id=4c4af404cd73491b8cf8dba6fc465395&query=Wigan_Brownfield_2017_Rev_A_9008_0,SITEREF,SHLAA0229",0.16,,,,,,,,,,,"A/15/81742 Reserved Matters to A/12/77491 Outline, Hag Fold Working Mens Club Formby Avenue Atherton",01/04/2016,01/04/2016,,,
,,,,,,,,,,,,,,,,,,,,,,,,,,,,,,,,,,,,,,,,,,,,,,,,,,,,,,,,,,,,,,,,,,,,,,,,,,,,,,,,,,,,,,,,,,,,,,,,,,,,,,,,,,,,,,,,,,,,,,,,,,,,,,,,,,,,,,,,,,,,,,,,,,,,,,,,,,,,http://opendatacommunities.org/id/metropolitan-district-council/wigan,,SHLAA0018,,,,"https://www.arcgis.com/apps/webappviewer/index.html?id=4c4af404cd73491b8cf8dba6fc465395&query=Wigan_Brownfield_2017_Rev_A_9008_0,SITEREF,SHLAA0018",0.15,,,,,,,,,,,", Corner Kitt Green Road and Pembroke Road Wigan",01/04/2016,01/04/2016,,,
,,,,,,,,,,,,,,,,,,,,,,,,,,,,,,,,,,,,,,,,,,,,,,,,,,,,,,,,,,,,,,,,,,,,,,,,,,,,,,,,,,,,,,,,,,,,,,,,,,,,,,,,,,,,,,,,,,,,,,,,,,,,,,,,,,,,,,,,,,,,,,,,,,,,,,,,,,,,http://opendatacommunities.org/id/metropolitan-district-council/wigan,,SHLAA0173,,,,"https://www.arcgis.com/apps/webappviewer/index.html?id=4c4af404cd73491b8cf8dba6fc465395&query=Wigan_Brownfield_2017_Rev_A_9008_0,SITEREF,SHLAA0173",0.13,,,,,,,,,,,", Open land east of 57 Lancaster Road Hindley",01/04/2016,01/04/2016,,,
,,,,,,,,,,,,,,,,,,,,,,,,,,,,,,,,,,,,,,,,,,,,,,,,,,,,,,,,,,,,,,,,,,,,,,,,,,,,,,,,,,,,,,,,,,,,,,,,,,,,,,,,,,,,,,,,,,,,,,,,,,,,,,,,,,,,,,,,,,,,,,,,,,,,,,,,,,,,http://opendatacommunities.org/id/metropolitan-district-council/wigan,,SHLAA0287,,,,"https://www.arcgis.com/apps/webappviewer/index.html?id=4c4af404cd73491b8cf8dba6fc465395&query=Wigan_Brownfield_2017_Rev_A_9008_0,SITEREF,SHLAA0287",0.11,,,,,,,,,,,"A/14/79399 refers, Former Keepers Inn Woodhouse Lane Wigan",01/04/2016,01/04/2016,,,
,,,,,,,,,,,,,,,,,,,,,,,,,,,,,,,,,,,,,,,,,,,,,,,,,,,,,,,,,,,,,,,,,,,,,,,,,,,,,,,,,,,,,,,,,,,,,,,,,,,,,,,,,,,,,,,,,,,,,,,,,,,,,,,,,,,,,,,,,,,,,,,,,,,,,,,,,,,,http://opendatacommunities.org/id/metropolitan-district-council/wigan,,SHLAA0292,,,,"https://www.arcgis.com/apps/webappviewer/index.html?id=4c4af404cd73491b8cf8dba6fc465395&query=Wigan_Brownfield_2017_Rev_A_9008_0,SITEREF,SHLAA0292",0.07,,,,,,,,,,,"A/16/82071 refers, Airflow 100 Lord Street Leigh",01/04/2016,01/04/2016,,,
,,,,,,,,,,,,,,,,,,,,,,,,,,,,,,,,,,,,,,,,,,,,,,,,,,,,,,,,,,,,,,,,,,,,,,,,,,,,,,,,,,,,,,,,,,,,,,,,,,,,,,,,,,,,,,,,,,,,,,,,,,,,,,,,,,,,,,,,,,,,,,,,,,,,,,,,,,,,http://opendatacommunities.org/id/metropolitan-district-council/wigan,,SHLAA0322,,,,"https://www.arcgis.com/apps/webappviewer/index.html?id=4c4af404cd73491b8cf8dba6fc465395&query=Wigan_Brownfield_2017_Rev_A_9008_0,SITEREF,SHLAA0322",1.45,,,,,,,,,,,", Land at Frog Lane and Prescott Street Wigan",01/04/2016,01/04/2016,,,
,,,,,,,,,,,,,,,,,,,,,,,,,,,,,,,,,,,,,,,,,,,,,,,,,,,,,,,,,,,,,,,,,,,,,,,,,,,,,,,,,,,,,,,,,,,,,,,,,,,,,,,,,,,,,,,,,,,,,,,,,,,,,,,,,,,,,,,,,,,,,,,,,,,,,,,,,,,,http://opendatacommunities.org/id/metropolitan-district-council/wigan,,SHLAA0075,,,,"https://www.arcgis.com/apps/webappviewer/index.html?id=4c4af404cd73491b8cf8dba6fc465395&query=Wigan_Brownfield_2017_Rev_A_9008_0,SITEREF,SHLAA0075",0.33,,,,,,,,,,,", Land adjacent to 234 Orrell Road Orrell",01/04/2016,01/04/2016,,,
,,,,,,,,,,,,,,,,,,,,,,,,,,,,,,,,,,,,,,,,,,,,,,,,,,,,,,,,,,,,,,,,,,,,,,,,,,,,,,,,,,,,,,,,,,,,,,,,,,,,,,,,,,,,,,,,,,,,,,,,,,,,,,,,,,,,,,,,,,,,,,,,,,,,,,,,,,,,http://opendatacommunities.org/id/metropolitan-district-council/wigan,,SHLAA0031,,,,"https://www.arcgis.com/apps/webappviewer/index.html?id=4c4af404cd73491b8cf8dba6fc465395&query=Wigan_Brownfield_2017_Rev_A_9008_0,SITEREF,SHLAA0031",0.66,,,,,,,,,,,"A/16/83156 refers, Land adjacent Holy Family RC Church Astley",01/04/2016,04/10/2017,,,
,,,,,,,,,,,,,,,,,,,,,,,,,,,,,,,,,,,,,,,,,,,,,,,,,,,,,,,,,,,,,,,,,,,,,,,,,,,,,,,,,,,,,,,,,,,,,,,,,,,,,,,,,,,,,,,,,,,,,,,,,,,,,,,,,,,,,,,,,,,,,,,,,,,,,,,,,,,,http://opendatacommunities.org/id/metropolitan-district-council/wigan,,SHLAA0310,,,,"https://www.arcgis.com/apps/webappviewer/index.html?id=4c4af404cd73491b8cf8dba6fc465395&query=Wigan_Brownfield_2017_Rev_A_9008_0,SITEREF,SHLAA0310",0.08,,,,,,,,,,,"A/14/79561 refers, Incefield House 234 Ince Green Lane Ince Wigan",01/04/2016,01/04/2016,,,
,,,,,,,,,,,,,,,,,,,,,,,,,,,,,,,,,,,,,,,,,,,,,,,,,,,,,,,,,,,,,,,,,,,,,,,,,,,,,,,,,,,,,,,,,,,,,,,,,,,,,,,,,,,,,,,,,,,,,,,,,,,,,,,,,,,,,,,,,,,,,,,,,,,,,,,,,,,,http://opendatacommunities.org/id/metropolitan-district-council/wigan,,SHLAA0362,,,,"https://www.arcgis.com/apps/webappviewer/index.html?id=4c4af404cd73491b8cf8dba6fc465395&query=Wigan_Brownfield_2017_Rev_A_9008_0,SITEREF,SHLAA0362",0.4,,,,,,,,,,,"A/16/82916 refers, Pagefield Hotel 168 Gidlow Lane Wigan",01/04/2016,31/07/2017,,,
,,,,,,,,,,,,,,,,,,,,,,,,,,,,,,,,,,,,,,,,,,,,,,,,,,,,,,,,,,,,,,,,,,,,,,,,,,,,,,,,,,,,,,,,,,,,,,,,,,,,,,,,,,,,,,,,,,,,,,,,,,,,,,,,,,,,,,,,,,,,,,,,,,,,,,,,,,,,http://opendatacommunities.org/id/metropolitan-district-council/wigan,,SHLAA0360,,,,"https://www.arcgis.com/apps/webappviewer/index.html?id=4c4af404cd73491b8cf8dba6fc465395&query=Wigan_Brownfield_2017_Rev_A_9008_0,SITEREF,SHLAA0360",10.79,,,,,,,,,,,"A/13/78163 refers, Land At Wigan Enterprise Park Seaman Way Ince",01/04/2016,01/04/2016,,,
,,,,,,,,,,,,,,,,,,,,,,,,,,,,,,,,,,,,,,,,,,,,,,,,,,,,,,,,,,,,,,,,,,,,,,,,,,,,,,,,,,,,,,,,,,,,,,,,,,,,,,,,,,,,,,,,,,,,,,,,,,,,,,,,,,,,,,,,,,,,,,,,,,,,,,,,,,,,http://opendatacommunities.org/id/metropolitan-district-council/wigan,,SHLAA0171,,,,"https://www.arcgis.com/apps/webappviewer/index.html?id=4c4af404cd73491b8cf8dba6fc465395&query=Wigan_Brownfield_2017_Rev_A_9008_0,SITEREF,SHLAA0171",2.23,,,,,,,,,,,"A/15/81063 refers, Former Hilton Park site Atherleigh Way Leigh",01/04/2016,31/07/2017,,,
,,,,,,,,,,,,,,,,,,,,,,,,,,,,,,,,,,,,,,,,,,,,,,,,,,,,,,,,,,,,,,,,,,,,,,,,,,,,,,,,,,,,,,,,,,,,,,,,,,,,,,,,,,,,,,,,,,,,,,,,,,,,,,,,,,,,,,,,,,,,,,,,,,,,,,,,,,,,http://opendatacommunities.org/id/metropolitan-district-council/wigan,,SHLAA0343,,,,"https://www.arcgis.com/apps/webappviewer/index.html?id=4c4af404cd73491b8cf8dba6fc465395&query=Wigan_Brownfield_2017_Rev_A_9008_0,SITEREF,SHLAA0343",0.22,,,,,,,,,,,"A/15/81807 refers, Former Bickershaw Methodist Church  Grange Road Bickershaw",01/04/2016,31/07/2017,,,
,,,,,,,,,,,,,,,,,,,,,,,,,,,,,,,,,,,,,,,,,,,,,,,,,,,,,,,,,,,,,,,,,,,,,,,,,,,,,,,,,,,,,,,,,,,,,,,,,,,,,,,,,,,,,,,,,,,,,,,,,,,,,,,,,,,,,,,,,,,,,,,,,,,,,,,,,,,,http://opendatacommunities.org/id/metropolitan-district-council/wigan,,SHLAA0001A,,,,"https://www.arcgis.com/apps/webappviewer/index.html?id=4c4af404cd73491b8cf8dba6fc465395&query=Wigan_Brownfield_2017_Rev_A_9008_0,SITEREF,SHLAA0001A",15.7,,,,,,,,,,,"A/16/82085 Reserved Matters to A/12/76665 Outline, North Leigh Park Nel Pan Lane Leigh",01/04/2016,01/04/2016,,,
,,,,,,,,,,,,,,,,,,,,,,,,,,,,,,,,,,,,,,,,,,,,,,,,,,,,,,,,,,,,,,,,,,,,,,,,,,,,,,,,,,,,,,,,,,,,,,,,,,,,,,,,,,,,,,,,,,,,,,,,,,,,,,,,,,,,,,,,,,,,,,,,,,,,,,,,,,,,http://opendatacommunities.org/id/metropolitan-district-council/wigan,,SHLAA0354,,,,"https://www.arcgis.com/apps/webappviewer/index.html?id=4c4af404cd73491b8cf8dba6fc465395&query=Wigan_Brownfield_2017_Rev_A_9008_0,SITEREF,SHLAA0354",0.08,,,,,,,,,,,"A/16/81990 refers, Apollo Printing Services Heeley Street Wigan",01/04/2016,01/04/2016,,,
,,,,,,,,,,,,,,,,,,,,,,,,,,,,,,,,,,,,,,,,,,,,,,,,,,,,,,,,,,,,,,,,,,,,,,,,,,,,,,,,,,,,,,,,,,,,,,,,,,,,,,,,,,,,,,,,,,,,,,,,,,,,,,,,,,,,,,,,,,,,,,,,,,,,,,,,,,,,http://opendatacommunities.org/id/metropolitan-district-council/wigan,,SHLAA0249,,,,"https://www.arcgis.com/apps/webappviewer/index.html?id=4c4af404cd73491b8cf8dba6fc465395&query=Wigan_Brownfield_2017_Rev_A_9008_0,SITEREF,SHLAA0249",0.09,,,,,,,,,,,"A/12/76810 refers, Hawkins House 1 Cross Lane Billinge",31/07/2017,31/07/2017,,,
,,,,,,,,,,,,,,,,,,,,,,,,,,,,,,,,,,,,,,,,,,,,,,,,,,,,,,,,,,,,,,,,,,,,,,,,,,,,,,,,,,,,,,,,,,,,,,,,,,,,,,,,,,,,,,,,,,,,,,,,,,,,,,,,,,,,,,,,,,,,,,,,,,,,,,,,,,,,http://opendatacommunities.org/id/metropolitan-district-council/wigan,,SHLAA0181,,,,"https://www.arcgis.com/apps/webappviewer/index.html?id=4c4af404cd73491b8cf8dba6fc465395&query=Wigan_Brownfield_2017_Rev_A_9008_0,SITEREF,SHLAA0181",0.48,,,,,,,,,,,"A/11/75721 refers, Collier Brook Industrial Estate, Bag Lane, Atherton",31/07/2017,31/07/2017,,,
,,,,,,,,,,,,,,,,,,,,,,,,,,,,,,,,,,,,,,,,,,,,,,,,,,,,,,,,,,,,,,,,,,,,,,,,,,,,,,,,,,,,,,,,,,,,,,,,,,,,,,,,,,,,,,,,,,,,,,,,,,,,,,,,,,,,,,,,,,,,,,,,,,,,,,,,,,,,http://opendatacommunities.org/id/metropolitan-district-council/wigan,,SHLAA0306,,,,"https://www.arcgis.com/apps/webappviewer/index.html?id=4c4af404cd73491b8cf8dba6fc465395&query=Wigan_Brownfield_2017_Rev_A_9008_0,SITEREF,SHLAA0306",0.08,,,,,,,,,,,"A/14/79167 refers, Site Of 95-101 Ormskirk Road Wigan WN5 9EA",31/07/2017,31/07/2017,,,
,,,,,,,,,,,,,,,,,,,,,,,,,,,,,,,,,,,,,,,,,,,,,,,,,,,,,,,,,,,,,,,,,,,,,,,,,,,,,,,,,,,,,,,,,,,,,,,,,,,,,,,,,,,,,,,,,,,,,,,,,,,,,,,,,,,,,,,,,,,,,,,,,,,,,,,,,,,,http://opendatacommunities.org/id/metropolitan-district-council/wigan,,SHLAA0336,,,,"https://www.arcgis.com/apps/webappviewer/index.html?id=4c4af404cd73491b8cf8dba6fc465395&query=Wigan_Brownfield_2017_Rev_A_9008_0,SITEREF,SHLAA0336",0.03,,,,,,,,,,,"A/15/80767 refers, 1 The Grove Ince Wigan WN2 2BU",31/07/2017,31/07/2017,,,
,,,,,,,,,,,,,,,,,,,,,,,,,,,,,,,,,,,,,,,,,,,,,,,,,,,,,,,,,,,,,,,,,,,,,,,,,,,,,,,,,,,,,,,,,,,,,,,,,,,,,,,,,,,,,,,,,,,,,,,,,,,,,,,,,,,,,,,,,,,,,,,,,,,,,,,,,,,,http://opendatacommunities.org/id/metropolitan-district-council/wigan,,SHLAA0395,,,,"https://www.arcgis.com/apps/webappviewer/index.html?id=4c4af404cd73491b8cf8dba6fc465395&query=Wigan_Brownfield_2017_Rev_A_9008_0,SITEREF,SHLAA0395",0.24,,,,,,,,,,,"Call for sites, Land at 3 Holgate Drive Orrell",31/07/2017,31/07/2017,,,
,,,,,,,,,,,,,,,,,,,,,,,,,,,,,,,,,,,,,,,,,,,,,,,,,,,,,,,,,,,,,,,,,,,,,,,,,,,,,,,,,,,,,,,,,,,,,,,,,,,,,,,,,,,,,,,,,,,,,,,,,,,,,,,,,,,,,,,,,,,,,,,,,,,,,,,,,,,,http://opendatacommunities.org/id/metropolitan-district-council/wigan,,SHLAA0396,,,,"https://www.arcgis.com/apps/webappviewer/index.html?id=4c4af404cd73491b8cf8dba6fc465395&query=Wigan_Brownfield_2017_Rev_A_9008_0,SITEREF,SHLAA0396",0.82,,,,,,,,,,,"A/16/83385 refers, Site of The Rose Centre Hesketh Meadow Lane Lowton",31/07/2017,27/11/2017,,,
,,,,,,,,,,,,,,,,,,,,,,,,,,,,,,,,,,,,,,,,,,,,,,,,,,,,,,,,,,,,,,,,,,,,,,,,,,,,,,,,,,,,,,,,,,,,,,,,,,,,,,,,,,,,,,,,,,,,,,,,,,,,,,,,,,,,,,,,,,,,,,,,,,,,,,,,,,,,http://opendatacommunities.org/id/metropolitan-district-council/wigan,,SHLAA0400,,,,"https://www.arcgis.com/apps/webappviewer/index.html?id=4c4af404cd73491b8cf8dba6fc465395&query=Wigan_Brownfield_2017_Rev_A_9008_0,SITEREF,SHLAA0400",0.02,,,,,,,,,,,"A/17/84176 refers, 1 - 2 Bridgeman Terrace Wigan WN1 1SX",31/07/2017,04/10/2017,,,
,,,,,,,,,,,,,,,,,,,,,,,,,,,,,,,,,,,,,,,,,,,,,,,,,,,,,,,,,,,,,,,,,,,,,,,,,,,,,,,,,,,,,,,,,,,,,,,,,,,,,,,,,,,,,,,,,,,,,,,,,,,,,,,,,,,,,,,,,,,,,,,,,,,,,,,,,,,,http://opendatacommunities.org/id/metropolitan-district-council/wigan,,SHLAA0398,,,,"https://www.arcgis.com/apps/webappviewer/index.html?id=4c4af404cd73491b8cf8dba6fc465395&query=Wigan_Brownfield_2017_Rev_A_9008_0,SITEREF,SHLAA0398",0.15,,,,,,,,,,,"A/17/83276 refers, Standish Ambulance Station Glebe Close Standish Wigan WN6 0DD",31/07/2017,31/07/2017,,,
,,,,,,,,,,,,,,,,,,,,,,,,,,,,,,,,,,,,,,,,,,,,,,,,,,,,,,,,,,,,,,,,,,,,,,,,,,,,,,,,,,,,,,,,,,,,,,,,,,,,,,,,,,,,,,,,,,,,,,,,,,,,,,,,,,,,,,,,,,,,,,,,,,,,,,,,,,,,http://opendatacommunities.org/id/metropolitan-district-council/wigan,,SHLAA0401,,,,"https://www.arcgis.com/apps/webappviewer/index.html?id=4c4af404cd73491b8cf8dba6fc465395&query=Wigan_Brownfield_2017_Rev_A_9008_0,SITEREF,SHLAA0401",0.04,,,,,,,,,,,"A/17/83701 refers, The Colliers Rest  28 Firs Lane Leigh WN7 4SB",31/07/2017,04/10/2017,,,
,,,,,,,,,,,,,,,,,,,,,,,,,,,,,,,,,,,,,,,,,,,,,,,,,,,,,,,,,,,,,,,,,,,,,,,,,,,,,,,,,,,,,,,,,,,,,,,,,,,,,,,,,,,,,,,,,,,,,,,,,,,,,,,,,,,,,,,,,,,,,,,,,,,,,,,,,,,,http://opendatacommunities.org/id/metropolitan-district-council/wigan,,SHLAA0402,,,,"https://www.arcgis.com/apps/webappviewer/index.html?id=4c4af404cd73491b8cf8dba6fc465395&query=Wigan_Brownfield_2017_Rev_A_9008_0,SITEREF,SHLAA0402",0.13,,,,,,,,,,,"A/17/84018 refers, Beech Grove House  155 St Helens Road Leigh WN7 3UA",31/07/2017,12/12/2017,,,
,,,,,,,,,,,,,,,,,,,,,,,,,,,,,,,,,,,,,,,,,,,,,,,,,,,,,,,,,,,,,,,,,,,,,,,,,,,,,,,,,,,,,,,,,,,,,,,,,,,,,,,,,,,,,,,,,,,,,,,,,,,,,,,,,,,,,,,,,,,,,,,,,,,,,,,,,,,,http://opendatacommunities.org/id/metropolitan-district-council/wigan,,SHLAA0403,,,,"https://www.arcgis.com/apps/webappviewer/index.html?id=4c4af404cd73491b8cf8dba6fc465395&query=Wigan_Brownfield_2017_Rev_A_9008_0,SITEREF,SHLAA0403",0.1,,,,,,,,,,,"A/17/84107 refers, 60 Brook Lane Orrell Wigan WN5 8JG",31/07/2017,04/10/2017,,,
,,,,,,,,,,,,,,,,,,,,,,,,,,,,,,,,,,,,,,,,,,,,,,,,,,,,,,,,,,,,,,,,,,,,,,,,,,,,,,,,,,,,,,,,,,,,,,,,,,,,,,,,,,,,,,,,,,,,,,,,,,,,,,,,,,,,,,,,,,,,,,,,,,,,,,,,,,,,http://opendatacommunities.org/id/metropolitan-district-council/wigan,,SHLAA0363,,,,"https://www.arcgis.com/apps/webappviewer/index.html?id=4c4af404cd73491b8cf8dba6fc465395&query=Wigan_Brownfield_2017_Rev_A_9008_0,SITEREF,SHLAA0363",0.66,,,,,,,,,,,", Pickup Street Ince",31/07/2017,31/07/2017,,,
,,,,,,,,,,,,,,,,,,,,,,,,,,,,,,,,,,,,,,,,,,,,,,,,,,,,,,,,,,,,,,,,,,,,,,,,,,,,,,,,,,,,,,,,,,,,,,,,,,,,,,,,,,,,,,,,,,,,,,,,,,,,,,,,,,,,,,,,,,,,,,,,,,,,,,,,,,,,http://opendatacommunities.org/id/metropolitan-district-council/wigan,,SHLAA0309,,,,"https://www.arcgis.com/apps/webappviewer/index.html?id=4c4af404cd73491b8cf8dba6fc465395&query=Wigan_Brownfield_2017_Rev_A_9008_0,SITEREF,SHLAA0309",0.13,,,,,,,,,,,"A/14/79339 refers, Site Of 86 To 94 High Street Golborne",01/04/2016,01/04/2016,,,
,,,,,,,,,,,,,,,,,,,,,,,,,,,,,,,,,,,,,,,,,,,,,,,,,,,,,,,,,,,,,,,,,,,,,,,,,,,,,,,,,,,,,,,,,,,,,,,,,,,,,,,,,,,,,,,,,,,,,,,,,,,,,,,,,,,,,,,,,,,,,,,,,,,,,,,,,,,,http://opendatacommunities.org/id/metropolitan-district-council/wigan,,SHLAA0012A,,,,"https://www.arcgis.com/apps/webappviewer/index.html?id=4c4af404cd73491b8cf8dba6fc465395&query=Wigan_Brownfield_2017_Rev_A_9008_0,SITEREF,SHLAA0012A",0.74,,,,,,,,,,,", Belle Green Industrial Estate and adjacent land Belle Green Lane Ince",01/04/2016,01/04/2016,,,
,,,,,,,,,,,,,,,,,,,,,,,,,,,,,,,,,,,,,,,,,,,,,,,,,,,,,,,,,,,,,,,,,,,,,,,,,,,,,,,,,,,,,,,,,,,,,,,,,,,,,,,,,,,,,,,,,,,,,,,,,,,,,,,,,,,,,,,,,,,,,,,,,,,,,,,,,,,,http://opendatacommunities.org/id/metropolitan-district-council/wigan,,SHLAA0355,,,,"https://www.arcgis.com/apps/webappviewer/index.html?id=4c4af404cd73491b8cf8dba6fc465395&query=Wigan_Brownfield_2017_Rev_A_9008_0,SITEREF,SHLAA0355",0.39,,,,,,,,,,,"A/15/81702 refers, Land Off Liverpool Road Platt Bridge Wigan",01/04/2016,01/04/2016,,,
,,,,,,,,,,,,,,,,,,,,,,,,,,,,,,,,,,,,,,,,,,,,,,,,,,,,,,,,,,,,,,,,,,,,,,,,,,,,,,,,,,,,,,,,,,,,,,,,,,,,,,,,,,,,,,,,,,,,,,,,,,,,,,,,,,,,,,,,,,,,,,,,,,,,,,,,,,,,http://opendatacommunities.org/id/metropolitan-district-council/wigan,,SHLAA0356,,,,"https://www.arcgis.com/apps/webappviewer/index.html?id=4c4af404cd73491b8cf8dba6fc465395&query=Wigan_Brownfield_2017_Rev_A_9008_0,SITEREF,SHLAA0356",0.65,,,,,,,,,,,", Remaining land at Springbank Ind Est Liverpool Road Platt Bridge Wigan",01/04/2016,01/04/2016,,,
,,,,,,,,,,,,,,,,,,,,,,,,,,,,,,,,,,,,,,,,,,,,,,,,,,,,,,,,,,,,,,,,,,,,,,,,,,,,,,,,,,,,,,,,,,,,,,,,,,,,,,,,,,,,,,,,,,,,,,,,,,,,,,,,,,,,,,,,,,,,,,,,,,,,,,,,,,,,http://opendatacommunities.org/id/metropolitan-district-council/wigan,,SHLAA0002,,,,"https://www.arcgis.com/apps/webappviewer/index.html?id=4c4af404cd73491b8cf8dba6fc465395&query=Wigan_Brownfield_2017_Rev_A_9008_0,SITEREF,SHLAA0002",109.02,,,,,,,,,,,", South of Hindley Wigan",01/04/2016,01/04/2016,,,
,,,,,,,,,,,,,,,,,,,,,,,,,,,,,,,,,,,,,,,,,,,,,,,,,,,,,,,,,,,,,,,,,,,,,,,,,,,,,,,,,,,,,,,,,,,,,,,,,,,,,,,,,,,,,,,,,,,,,,,,,,,,,,,,,,,,,,,,,,,,,,,,,,,,,,,,,,,,http://opendatacommunities.org/id/metropolitan-district-council/wigan,,SHLAA0317,,,,"https://www.arcgis.com/apps/webappviewer/index.html?id=4c4af404cd73491b8cf8dba6fc465395&query=Wigan_Brownfield_2017_Rev_A_9008_0,SITEREF,SHLAA0317",0.15,,,,,,,,,,,"A/15/80335 refers, Site of 186 Wigan Lower Road Standish Lower Ground",01/04/2016,01/04/2016,,,
,,,,,,,,,,,,,,,,,,,,,,,,,,,,,,,,,,,,,,,,,,,,,,,,,,,,,,,,,,,,,,,,,,,,,,,,,,,,,,,,,,,,,,,,,,,,,,,,,,,,,,,,,,,,,,,,,,,,,,,,,,,,,,,,,,,,,,,,,,,,,,,,,,,,,,,,,,,,http://opendatacommunities.org/id/metropolitan-district-council/wigan,,SHLAA0342,,,,"https://www.arcgis.com/apps/webappviewer/index.html?id=4c4af404cd73491b8cf8dba6fc465395&query=Wigan_Brownfield_2017_Rev_A_9008_0,SITEREF,SHLAA0342",0.01,,,,,,,,,,,"A/15/81472 refers, Galloways 60 Market Street Wigan",01/04/2016,01/04/2016,,,
,,,,,,,,,,,,,,,,,,,,,,,,,,,,,,,,,,,,,,,,,,,,,,,,,,,,,,,,,,,,,,,,,,,,,,,,,,,,,,,,,,,,,,,,,,,,,,,,,,,,,,,,,,,,,,,,,,,,,,,,,,,,,,,,,,,,,,,,,,,,,,,,,,,,,,,,,,,,http://opendatacommunities.org/id/metropolitan-district-council/wigan,,SHLAA0237,,,,"https://www.arcgis.com/apps/webappviewer/index.html?id=4c4af404cd73491b8cf8dba6fc465395&query=Wigan_Brownfield_2017_Rev_A_9008_0,SITEREF,SHLAA0237",0.58,,,,,,,,,,,", Land Corner of Whitworth Way Wigan",01/04/2016,01/04/2016,,,
,,,,,,,,,,,,,,,,,,,,,,,,,,,,,,,,,,,,,,,,,,,,,,,,,,,,,,,,,,,,,,,,,,,,,,,,,,,,,,,,,,,,,,,,,,,,,,,,,,,,,,,,,,,,,,,,,,,,,,,,,,,,,,,,,,,,,,,,,,,,,,,,,,,,,,,,,,,,http://opendatacommunities.org/id/metropolitan-district-council/wigan,,SHLAA0200,,,,"https://www.arcgis.com/apps/webappviewer/index.html?id=4c4af404cd73491b8cf8dba6fc465395&query=Wigan_Brownfield_2017_Rev_A_9008_0,SITEREF,SHLAA0200",9.87,,,,,,,,,,,"A/15/80681 refers, Bridgewater Business Park West Bridgewater Street Leigh",01/04/2016,22/11/2017,,,
,,,,,,,,,,,,,,,,,,,,,,,,,,,,,,,,,,,,,,,,,,,,,,,,,,,,,,,,,,,,,,,,,,,,,,,,,,,,,,,,,,,,,,,,,,,,,,,,,,,,,,,,,,,,,,,,,,,,,,,,,,,,,,,,,,,,,,,,,,,,,,,,,,,,,,,,,,,,http://opendatacommunities.org/id/metropolitan-district-council/wigan,,SHLAA0074,,,,"https://www.arcgis.com/apps/webappviewer/index.html?id=4c4af404cd73491b8cf8dba6fc465395&query=Wigan_Brownfield_2017_Rev_A_9008_0,SITEREF,SHLAA0074",0.25,,,,,,,,,,,", Land at Liverpool Road and Harper Street Hindley",01/04/2016,01/04/2016,,,
,,,,,,,,,,,,,,,,,,,,,,,,,,,,,,,,,,,,,,,,,,,,,,,,,,,,,,,,,,,,,,,,,,,,,,,,,,,,,,,,,,,,,,,,,,,,,,,,,,,,,,,,,,,,,,,,,,,,,,,,,,,,,,,,,,,,,,,,,,,,,,,,,,,,,,,,,,,,http://opendatacommunities.org/id/metropolitan-district-council/wigan,,SHLAA0348,,,,"https://www.arcgis.com/apps/webappviewer/index.html?id=4c4af404cd73491b8cf8dba6fc465395&query=Wigan_Brownfield_2017_Rev_A_9008_0,SITEREF,SHLAA0348",0.15,,,,,,,,,,,"A/16/81943 refers, Higher Ince Social Club Empress Ind Est Anderton Street Ince",01/04/2016,31/07/2017,,,
,,,,,,,,,,,,,,,,,,,,,,,,,,,,,,,,,,,,,,,,,,,,,,,,,,,,,,,,,,,,,,,,,,,,,,,,,,,,,,,,,,,,,,,,,,,,,,,,,,,,,,,,,,,,,,,,,,,,,,,,,,,,,,,,,,,,,,,,,,,,,,,,,,,,,,,,,,,,http://opendatacommunities.org/id/metropolitan-district-council/wigan,,SHLAA0187,,,,"https://www.arcgis.com/apps/webappviewer/index.html?id=4c4af404cd73491b8cf8dba6fc465395&query=Wigan_Brownfield_2017_Rev_A_9008_0,SITEREF,SHLAA0187",0.11,,,,,,,,,,,"A/16/81981 refers, Tower Buildings And 58-58a And 60 Wallgate Wigan",01/04/2016,31/07/2017,,,
,,,,,,,,,,,,,,,,,,,,,,,,,,,,,,,,,,,,,,,,,,,,,,,,,,,,,,,,,,,,,,,,,,,,,,,,,,,,,,,,,,,,,,,,,,,,,,,,,,,,,,,,,,,,,,,,,,,,,,,,,,,,,,,,,,,,,,,,,,,,,,,,,,,,,,,,,,,,http://opendatacommunities.org/id/metropolitan-district-council/wigan,,SHLAA0131,,,,"https://www.arcgis.com/apps/webappviewer/index.html?id=4c4af404cd73491b8cf8dba6fc465395&query=Wigan_Brownfield_2017_Rev_A_9008_0,SITEREF,SHLAA0131",5.7,,,,,,,,,,,"A/08/70960 refers, Eckersley Mill Swan Meadow Road Wigan",01/04/2016,04/10/2017,,,
,,,,,,,,,,,,,,,,,,,,,,,,,,,,,,,,,,,,,,,,,,,,,,,,,,,,,,,,,,,,,,,,,,,,,,,,,,,,,,,,,,,,,,,,,,,,,,,,,,,,,,,,,,,,,,,,,,,,,,,,,,,,,,,,,,,,,,,,,,,,,,,,,,,,,,,,,,,,http://opendatacommunities.org/id/metropolitan-district-council/wigan,,SHLAA0135,,,,"https://www.arcgis.com/apps/webappviewer/index.html?id=4c4af404cd73491b8cf8dba6fc465395&query=Wigan_Brownfield_2017_Rev_A_9008_0,SITEREF,SHLAA0135",5.61,,,,,,,,,,,"A/13/77974 refers, Land At Bradley Hall Trading Estate Bradley Lane Standish",01/04/2016,01/04/2016,,,
,,,,,,,,,,,,,,,,,,,,,,,,,,,,,,,,,,,,,,,,,,,,,,,,,,,,,,,,,,,,,,,,,,,,,,,,,,,,,,,,,,,,,,,,,,,,,,,,,,,,,,,,,,,,,,,,,,,,,,,,,,,,,,,,,,,,,,,,,,,,,,,,,,,,,,,,,,,,http://opendatacommunities.org/id/metropolitan-district-council/wigan,,SHLAA0126,,,,"https://www.arcgis.com/apps/webappviewer/index.html?id=4c4af404cd73491b8cf8dba6fc465395&query=Wigan_Brownfield_2017_Rev_A_9008_0,SITEREF,SHLAA0126",3.36,,,,,,,,,,,", Wigan and Leigh College Pagefield Building Bridgeman Terrace Wigan",01/04/2016,01/04/2016,,,
,,,,,,,,,,,,,,,,,,,,,,,,,,,,,,,,,,,,,,,,,,,,,,,,,,,,,,,,,,,,,,,,,,,,,,,,,,,,,,,,,,,,,,,,,,,,,,,,,,,,,,,,,,,,,,,,,,,,,,,,,,,,,,,,,,,,,,,,,,,,,,,,,,,,,,,,,,,,http://opendatacommunities.org/id/metropolitan-district-council/wigan,,SHLAA0117,,,,"https://www.arcgis.com/apps/webappviewer/index.html?id=4c4af404cd73491b8cf8dba6fc465395&query=Wigan_Brownfield_2017_Rev_A_9008_0,SITEREF,SHLAA0117",1.52,,,,,,,,,,,"A/17/84261 refers, Hindley Learning Centre Park Road/Close Lane Hindley",01/04/2016,31/07/2017,,,
,,,,,,,,,,,,,,,,,,,,,,,,,,,,,,,,,,,,,,,,,,,,,,,,,,,,,,,,,,,,,,,,,,,,,,,,,,,,,,,,,,,,,,,,,,,,,,,,,,,,,,,,,,,,,,,,,,,,,,,,,,,,,,,,,,,,,,,,,,,,,,,,,,,,,,,,,,,,http://opendatacommunities.org/id/metropolitan-district-council/wigan,,SHLAA0078,,,,"https://www.arcgis.com/apps/webappviewer/index.html?id=4c4af404cd73491b8cf8dba6fc465395&query=Wigan_Brownfield_2017_Rev_A_9008_0,SITEREF,SHLAA0078",2.02,,,,,,,,,,,"A/15/80243 refers, Former Abraham Guest High School Orrell Road Orrell",01/04/2016,01/04/2016,,,
,,,,,,,,,,,,,,,,,,,,,,,,,,,,,,,,,,,,,,,,,,,,,,,,,,,,,,,,,,,,,,,,,,,,,,,,,,,,,,,,,,,,,,,,,,,,,,,,,,,,,,,,,,,,,,,,,,,,,,,,,,,,,,,,,,,,,,,,,,,,,,,,,,,,,,,,,,,,http://opendatacommunities.org/id/metropolitan-district-council/wigan,,SHLAA0128,,,,"https://www.arcgis.com/apps/webappviewer/index.html?id=4c4af404cd73491b8cf8dba6fc465395&query=Wigan_Brownfield_2017_Rev_A_9008_0,SITEREF,SHLAA0128",1.85,,,,,,,,,,,"A/16/83282 refers, Land adj to Frog Ln Depot (former fork lift truck company) Frog Ln Wigan",01/04/2016,31/07/2017,,,
,,,,,,,,,,,,,,,,,,,,,,,,,,,,,,,,,,,,,,,,,,,,,,,,,,,,,,,,,,,,,,,,,,,,,,,,,,,,,,,,,,,,,,,,,,,,,,,,,,,,,,,,,,,,,,,,,,,,,,,,,,,,,,,,,,,,,,,,,,,,,,,,,,,,,,,,,,,,http://opendatacommunities.org/id/metropolitan-district-council/wigan,,SHLAA0101,,,,"https://www.arcgis.com/apps/webappviewer/index.html?id=4c4af404cd73491b8cf8dba6fc465395&query=Wigan_Brownfield_2017_Rev_A_9008_0,SITEREF,SHLAA0101",4.24,,,,,,,,,,,"A/16/83258 refers, Land at Calder Drive Platt Bridge",01/04/2016,04/10/2017,,,
,,,,,,,,,,,,,,,,,,,,,,,,,,,,,,,,,,,,,,,,,,,,,,,,,,,,,,,,,,,,,,,,,,,,,,,,,,,,,,,,,,,,,,,,,,,,,,,,,,,,,,,,,,,,,,,,,,,,,,,,,,,,,,,,,,,,,,,,,,,,,,,,,,,,,,,,,,,,http://opendatacommunities.org/id/metropolitan-district-council/wigan,,SHLAA0189,,,,"https://www.arcgis.com/apps/webappviewer/index.html?id=4c4af404cd73491b8cf8dba6fc465395&query=Wigan_Brownfield_2017_Rev_A_9008_0,SITEREF,SHLAA0189",0.23,,,,,,,,,,,"A/14/79703 refers, Open Land North Of 2 Low Bank Road, Ashton",01/12/2014,01/12/2014,,,
,,,,,,,,,,,,,,,,,,,,,,,,,,,,,,,,,,,,,,,,,,,,,,,,,,,,,,,,,,,,,,,,,,,,,,,,,,,,,,,,,,,,,,,,,,,,,,,,,,,,,,,,,,,,,,,,,,,,,,,,,,,,,,,,,,,,,,,,,,,,,,,,,,,,,,,,,,,,http://opendatacommunities.org/id/metropolitan-district-council/wigan,,SHLAA0046,,,,"https://www.arcgis.com/apps/webappviewer/index.html?id=4c4af404cd73491b8cf8dba6fc465395&query=Wigan_Brownfield_2017_Rev_A_9008_0,SITEREF,SHLAA0046",0.93,,,,,,,,,,,"A/17/84075/OUTMAJ  refers, Lancaster Avenue Tyldesley",20/11/2017,20/11/2017,,,
,,,,,,,,,,,,,,,,,,,,,,,,,,,,,,,,,,,,,,,,,,,,,,,,,,,,,,,,,,,,,,,,,,,,,,,,,,,,,,,,,,,,,,,,,,,,,,,,,,,,,,,,,,,,,,,,,,,,,,,,,,,,,,,,,,,,,,,,,,,,,,,,,,,,,,,,,,,,http://opendatacommunities.org/id/metropolitan-district-council/wigan,,SHLAA0055,,,,"https://www.arcgis.com/apps/webappviewer/index.html?id=4c4af404cd73491b8cf8dba6fc465395&query=Wigan_Brownfield_2017_Rev_A_9008_0,SITEREF,SHLAA0055",0.36,,,,,,,,,,,"A/15/80496 refers, Mather House, Mather Lane, Leigh",20/11/2017,20/11/2017,,,
,,,,,,,,,,,,,,,,,,,,,,,,,,,,,,,,,,,,,,,,,,,,,,,,,,,,,,,,,,,,,,,,,,,,,,,,,,,,,,,,,,,,,,,,,,,,,,,,,,,,,,,,,,,,,,,,,,,,,,,,,,,,,,,,,,,,,,,,,,,,,,,,,,,,,,,,,,,,http://opendatacommunities.org/id/metropolitan-district-council/wigan,,SHLAA0064,,,,"https://www.arcgis.com/apps/webappviewer/index.html?id=4c4af404cd73491b8cf8dba6fc465395&query=Wigan_Brownfield_2017_Rev_A_9008_0,SITEREF,SHLAA0064",1.4,,,,,,,,,,,", Former Ince St Marys CE Primary School Derby Street Ince",20/11/2017,20/11/2017,,,
,,,,,,,,,,,,,,,,,,,,,,,,,,,,,,,,,,,,,,,,,,,,,,,,,,,,,,,,,,,,,,,,,,,,,,,,,,,,,,,,,,,,,,,,,,,,,,,,,,,,,,,,,,,,,,,,,,,,,,,,,,,,,,,,,,,,,,,,,,,,,,,,,,,,,,,,,,,,http://opendatacommunities.org/id/metropolitan-district-council/wigan,,SHLAA0109,,,,"https://www.arcgis.com/apps/webappviewer/index.html?id=4c4af404cd73491b8cf8dba6fc465395&query=Wigan_Brownfield_2017_Rev_A_9008_0,SITEREF,SHLAA0109",1.35,,,,,,,,,,,", Amberswood/Hydelle Lodge King Street Hindley",20/11/2017,20/11/2017,,,
,,,,,,,,,,,,,,,,,,,,,,,,,,,,,,,,,,,,,,,,,,,,,,,,,,,,,,,,,,,,,,,,,,,,,,,,,,,,,,,,,,,,,,,,,,,,,,,,,,,,,,,,,,,,,,,,,,,,,,,,,,,,,,,,,,,,,,,,,,,,,,,,,,,,,,,,,,,,http://opendatacommunities.org/id/metropolitan-district-council/wigan,,SHLAA0148,,,,"https://www.arcgis.com/apps/webappviewer/index.html?id=4c4af404cd73491b8cf8dba6fc465395&query=Wigan_Brownfield_2017_Rev_A_9008_0,SITEREF,SHLAA0148",0.47,,,,,,,,,,,", Collier Brook Farm, Bag Lane, Atherton",20/11/2017,20/11/2017,,,
,,,,,,,,,,,,,,,,,,,,,,,,,,,,,,,,,,,,,,,,,,,,,,,,,,,,,,,,,,,,,,,,,,,,,,,,,,,,,,,,,,,,,,,,,,,,,,,,,,,,,,,,,,,,,,,,,,,,,,,,,,,,,,,,,,,,,,,,,,,,,,,,,,,,,,,,,,,,http://opendatacommunities.org/id/metropolitan-district-council/wigan,,SHLAA0153,,,,"https://www.arcgis.com/apps/webappviewer/index.html?id=4c4af404cd73491b8cf8dba6fc465395&query=Wigan_Brownfield_2017_Rev_A_9008_0,SITEREF,SHLAA0153",0.48,,,,,,,,,,,", Site of Cranberry Hotel and 641-643 Wigan Road",20/11/2017,20/11/2017,,,
,,,,,,,,,,,,,,,,,,,,,,,,,,,,,,,,,,,,,,,,,,,,,,,,,,,,,,,,,,,,,,,,,,,,,,,,,,,,,,,,,,,,,,,,,,,,,,,,,,,,,,,,,,,,,,,,,,,,,,,,,,,,,,,,,,,,,,,,,,,,,,,,,,,,,,,,,,,,http://opendatacommunities.org/id/metropolitan-district-council/wigan,,SHLAA0393,,,,"https://www.arcgis.com/apps/webappviewer/index.html?id=4c4af404cd73491b8cf8dba6fc465395&query=Wigan_Brownfield_2017_Rev_A_9008_0,SITEREF,SHLAA0393",0.28,,,,,,,,,,,"A/16/82969 refers, 269 Westleigh Lane Leigh WN7 5PW",20/11/2017,20/11/2017,,,
,,,,,,,,,,,,,,,,,,,,,,,,,,,,,,,,,,,,,,,,,,,,,,,,,,,,,,,,,,,,,,,,,,,,,,,,,,,,,,,,,,,,,,,,,,,,,,,,,,,,,,,,,,,,,,,,,,,,,,,,,,,,,,,,,,,,,,,,,,,,,,,,,,,,,,,,,,,,http://opendatacommunities.org/id/metropolitan-district-council/wigan,,SHLAA0399,,,,"https://www.arcgis.com/apps/webappviewer/index.html?id=4c4af404cd73491b8cf8dba6fc465395&query=Wigan_Brownfield_2017_Rev_A_9008_0,SITEREF,SHLAA0399",0.15,,,,,,,,,,,"A/17/83832 refers, Open Land East Of 242 Atherton Road Hindley",20/11/2017,20/11/2017,,,
,,,,,,,,,,,,,,,,,,,,,,,,,,,,,,,,,,,,,,,,,,,,,,,,,,,,,,,,,,,,,,,,,,,,,,,,,,,,,,,,,,,,,,,,,,,,,,,,,,,,,,,,,,,,,,,,,,,,,,,,,,,,,,,,,,,,,,,,,,,,,,,,,,,,,,,,,,,,http://opendatacommunities.org/id/metropolitan-district-council/wigan,,SHLAA0408,,,,"https://www.arcgis.com/apps/webappviewer/index.html?id=4c4af404cd73491b8cf8dba6fc465395&query=Wigan_Brownfield_2017_Rev_A_9008_0,SITEREF,SHLAA0408",1.25,,,,,,,,,,,", Jury Street Briggs Street Leigh",20/11/2017,20/11/2017,,,
,,,,,,,,,,,,,,,,,,,,,,,,,,,,,,,,,,,,,,,,,,,,,,,,,,,,,,,,,,,,,,,,,,,,,,,,,,,,,,,,,,,,,,,,,,,,,,,,,,,,,,,,,,,,,,,,,,,,,,,,,,,,,,,,,,,,,,,,,,,,,,,,,,,,,,,,,,,,http://opendatacommunities.org/id/metropolitan-district-council/wigan,,SHLAA0409,,,,"https://www.arcgis.com/apps/webappviewer/index.html?id=4c4af404cd73491b8cf8dba6fc465395&query=Wigan_Brownfield_2017_Rev_A_9008_0,SITEREF,SHLAA0409",0.6,,,,,,,,,,,", Land At Premier House High Street Leigh WN7 2AD",20/11/2017,20/11/2017,,,
,,,,,,,,,,,,,,,,,,,,,,,,,,,,,,,,,,,,,,,,,,,,,,,,,,,,,,,,,,,,,,,,,,,,,,,,,,,,,,,,,,,,,,,,,,,,,,,,,,,,,,,,,,,,,,,,,,,,,,,,,,,,,,,,,,,,,,,,,,,,,,,,,,,,,,,,,,,,http://opendatacommunities.org/id/metropolitan-district-council/wigan,,SHLAA0125A,,,,"https://www.arcgis.com/apps/webappviewer/index.html?id=4c4af404cd73491b8cf8dba6fc465395&query=Wigan_Brownfield_2017_Rev_A_9008_0,SITEREF,SHLAA0125A",1.04,,,,,,,,,,,"A/17/84270 refers, Site Of Whelley Hospital Bradshaw Street Wigan WN1 3XD",20/11/2017,20/11/2017,,,
,,,,,,,,,,,,,,,,,,,,,,,,,,,,,,,,,,,,,,,,,,,,,,,,,,,,,,,,,,,,,,,,,,,,,,,,,,,,,,,,,,,,,,,,,,,,,,,,,,,,,,,,,,,,,,,,,,,,,,,,,,,,,,,,,,,,,,,,,,,,,,,,,,,,,,,,,,,,http://opendatacommunities.org/id/metropolitan-district-council/wigan,,SHLAA0231,,,,"https://www.arcgis.com/apps/webappviewer/index.html?id=4c4af404cd73491b8cf8dba6fc465395&query=Wigan_Brownfield_2017_Rev_A_9008_0,SITEREF,SHLAA0231",0.04,,,,,,,,,,,", 40 Warrington Lane Wigan",20/11/2017,20/11/2017,,,
,,,,,,,,,,,,,,,,,,,,,,,,,,,,,,,,,,,,,,,,,,,,,,,,,,,,,,,,,,,,,,,,,,,,,,,,,,,,,,,,,,,,,,,,,,,,,,,,,,,,,,,,,,,,,,,,,,,,,,,,,,,,,,,,,,,,,,,,,,,,,,,,,,,,,,,,,,,,http://opendatacommunities.org/id/metropolitan-district-council/wigan,,SHLAA0243,,,,"https://www.arcgis.com/apps/webappviewer/index.html?id=4c4af404cd73491b8cf8dba6fc465395&query=Wigan_Brownfield_2017_Rev_A_9008_0,SITEREF,SHLAA0243",0.77,,,,,,,,,,,", St Catherine of Siena RC Church Newton Road Lowton",31/07/2017,31/07/2017,,,
,,,,,,,,,,,,,,,,,,,,,,,,,,,,,,,,,,,,,,,,,,,,,,,,,,,,,,,,,,,,,,,,,,,,,,,,,,,,,,,,,,,,,,,,,,,,,,,,,,,,,,,,,,,,,,,,,,,,,,,,,,,,,,,,,,,,,,,,,,,,,,,,,,,,,,,,,,,,http://opendatacommunities.org/id/metropolitan-district-council/wigan,,SHLAA0023,,,,"https://www.arcgis.com/apps/webappviewer/index.html?id=4c4af404cd73491b8cf8dba6fc465395&query=Wigan_Brownfield_2017_Rev_A_9008_0,SITEREF,SHLAA0023",1.59,,,,,,,,,,,", Leyland Mill, Wigan",31/07/2017,31/07/2017,,,
,,,,,,,,,,,,,,,,,,,,,,,,,,,,,,,,,,,,,,,,,,,,,,,,,,,,,,,,,,,,,,,,,,,,,,,,,,,,,,,,,,,,,,,,,,,,,,,,,,,,,,,,,,,,,,,,,,,,,,,,,,,,,,,,,,,,,,,,,,,,,,,,,,,,,,,,,,,,http://opendatacommunities.org/id/metropolitan-district-council/wigan,,SHLAA0319,,,,"https://www.arcgis.com/apps/webappviewer/index.html?id=4c4af404cd73491b8cf8dba6fc465395&query=Wigan_Brownfield_2017_Rev_A_9008_0,SITEREF,SHLAA0319",0.43,,,,,,,,,,,"A/17/84707 refers, Land at Worsley Terrace Wigan",31/07/2017,08/12/2017,,,
,,,,,,,,,,,,,,,,,,,,,,,,,,,,,,,,,,,,,,,,,,,,,,,,,,,,,,,,,,,,,,,,,,,,,,,,,,,,,,,,,,,,,,,,,,,,,,,,,,,,,,,,,,,,,,,,,,,,,,,,,,,,,,,,,,,,,,,,,,,,,,,,,,,,,,,,,,,,http://opendatacommunities.org/id/metropolitan-district-council/wigan,,SHLAA0387,,,,"https://www.arcgis.com/apps/webappviewer/index.html?id=4c4af404cd73491b8cf8dba6fc465395&query=Wigan_Brownfield_2017_Rev_A_9008_0,SITEREF,SHLAA0387",0.28,,,,,,,,,,,"A/15/81226 and A/17/83586 refer, Site Of Former Manse 233 Wigan Road Ashton-In-Makerfield",31/07/2017,31/07/2017,,,
,,,,,,,,,,,,,,,,,,,,,,,,,,,,,,,,,,,,,,,,,,,,,,,,,,,,,,,,,,,,,,,,,,,,,,,,,,,,,,,,,,,,,,,,,,,,,,,,,,,,,,,,,,,,,,,,,,,,,,,,,,,,,,,,,,,,,,,,,,,,,,,,,,,,,,,,,,,,http://opendatacommunities.org/id/metropolitan-district-council/wigan,,SHLAA0113A,,,,"https://www.arcgis.com/apps/webappviewer/index.html?id=4c4af404cd73491b8cf8dba6fc465395&query=Wigan_Brownfield_2017_Rev_A_9008_0,SITEREF,SHLAA0113",3.37,,,,,,,,,,,"Part of the larger Worsley Mesnes Regeneration area, Worsley Mesnes Regeneration sites",12/12/2017,12/12/2017,,,
,,,,,,,,,,,,,,,,,,,,,,,,,,,,,,,,,,,,,,,,,,,,,,,,,,,,,,,,,,,,,,,,,,,,,,,,,,,,,,,,,,,,,,,,,,,,,,,,,,,,,,,,,,,,,,,,,,,,,,,,,,,,,,,,,,,,,,,,,,,,,,,,,,,,,,,,,,,,http://opendatacommunities.org/id/metropolitan-district-council/wigan,,SHLAA0390,,,,"https://www.arcgis.com/apps/webappviewer/index.html?id=4c4af404cd73491b8cf8dba6fc465395&query=Wigan_Brownfield_2017_Rev_A_9008_0,SITEREF,SHLAA0390",0.11,,,,,,,,,,,"A/17/83731 refers, The Chapel City Road Worsley",31/07/2017,31/07/2017,,,
,,,,,,,,,,,,,,,,,,,,,,,,,,,,,,,,,,,,,,,,,,,,,,,,,,,,,,,,,,,,,,,,,,,,,,,,,,,,,,,,,,,,,,,,,,,,,,,,,,,,,,,,,,,,,,,,,,,,,,,,,,,,,,,,,,,,,,,,,,,,,,,,,,,,,,,,,,,,http://opendatacommunities.org/id/metropolitan-district-council/wigan,,SHLAA0385,,,,"https://www.arcgis.com/apps/webappviewer/index.html?id=4c4af404cd73491b8cf8dba6fc465395&query=Wigan_Brownfield_2017_Rev_A_9008_0,SITEREF,SHLAA0385",0.51,,,,,,,,,,,"A/16/81994 refers, Vyna House North Lane Tyldesley Manchester M29 7AB",31/07/2017,31/07/2017,,,
,,,,,,,,,,,,,,,,,,,,,,,,,,,,,,,,,,,,,,,,,,,,,,,,,,,,,,,,,,,,,,,,,,,,,,,,,,,,,,,,,,,,,,,,,,,,,,,,,,,,,,,,,,,,,,,,,,,,,,,,,,,,,,,,,,,,,,,,,,,,,,,,,,,,,,,,,,,,http://opendatacommunities.org/id/metropolitan-district-council/wigan,,SHLAA0382,,,,"https://www.arcgis.com/apps/webappviewer/index.html?id=4c4af404cd73491b8cf8dba6fc465395&query=Wigan_Brownfield_2017_Rev_A_9008_0,SITEREF,SHLAA0382",0.03,,,,,,,,,,,"A/16/83329 refers, The Victoria 68 - 70 Kirkhall Lane Leigh WN7 1SA",31/07/2017,31/07/2017,,,
,,,,,,,,,,,,,,,,,,,,,,,,,,,,,,,,,,,,,,,,,,,,,,,,,,,,,,,,,,,,,,,,,,,,,,,,,,,,,,,,,,,,,,,,,,,,,,,,,,,,,,,,,,,,,,,,,,,,,,,,,,,,,,,,,,,,,,,,,,,,,,,,,,,,,,,,,,,,http://opendatacommunities.org/id/metropolitan-district-council/wigan,,SHLAA0375,,,,"https://www.arcgis.com/apps/webappviewer/index.html?id=4c4af404cd73491b8cf8dba6fc465395&query=Wigan_Brownfield_2017_Rev_A_9008_0,SITEREF,SHLAA0375",4.45,,,,,,,,,,,"A/17/83721 refers, Former Hovis Bakery Cale Lane New Springs",31/07/2017,31/07/2017,,,
,,,,,,,,,,,,,,,,,,,,,,,,,,,,,,,,,,,,,,,,,,,,,,,,,,,,,,,,,,,,,,,,,,,,,,,,,,,,,,,,,,,,,,,,,,,,,,,,,,,,,,,,,,,,,,,,,,,,,,,,,,,,,,,,,,,,,,,,,,,,,,,,,,,,,,,,,,,,http://opendatacommunities.org/id/metropolitan-district-council/wigan,,SHLAA0377,,,,"https://www.arcgis.com/apps/webappviewer/index.html?id=4c4af404cd73491b8cf8dba6fc465395&query=Wigan_Brownfield_2017_Rev_A_9008_0,SITEREF,SHLAA0377",9.66,,,,,,,,,,,"A/15/81125 refers, Kirkless Industrial Estate Cale Lane Aspull",31/07/2017,12/12/2017,,,
,,,,,,,,,,,,,,,,,,,,,,,,,,,,,,,,,,,,,,,,,,,,,,,,,,,,,,,,,,,,,,,,,,,,,,,,,,,,,,,,,,,,,,,,,,,,,,,,,,,,,,,,,,,,,,,,,,,,,,,,,,,,,,,,,,,,,,,,,,,,,,,,,,,,,,,,,,,,http://opendatacommunities.org/id/metropolitan-district-council/wigan,,SHLAA0386,,,,"https://www.arcgis.com/apps/webappviewer/index.html?id=4c4af404cd73491b8cf8dba6fc465395&query=Wigan_Brownfield_2017_Rev_A_9008_0,SITEREF,SHLAA0386",0.1,,,,,,,,,,,"A/15/81669 refers, Mechanics Arms 277 Leigh Road Hindley Green Wigan WN2 4XW",31/07/2017,31/07/2017,,,
,,,,,,,,,,,,,,,,,,,,,,,,,,,,,,,,,,,,,,,,,,,,,,,,,,,,,,,,,,,,,,,,,,,,,,,,,,,,,,,,,,,,,,,,,,,,,,,,,,,,,,,,,,,,,,,,,,,,,,,,,,,,,,,,,,,,,,,,,,,,,,,,,,,,,,,,,,,,http://opendatacommunities.org/id/metropolitan-district-council/wigan,,SHLAA0383,,,,"https://www.arcgis.com/apps/webappviewer/index.html?id=4c4af404cd73491b8cf8dba6fc465395&query=Wigan_Brownfield_2017_Rev_A_9008_0,SITEREF,SHLAA0383",0.03,,,,,,,,,,,"A/16/83125 refers, 82 Railway Road Leigh WN7 4AN",31/07/2017,31/07/2017,,,
,,,,,,,,,,,,,,,,,,,,,,,,,,,,,,,,,,,,,,,,,,,,,,,,,,,,,,,,,,,,,,,,,,,,,,,,,,,,,,,,,,,,,,,,,,,,,,,,,,,,,,,,,,,,,,,,,,,,,,,,,,,,,,,,,,,,,,,,,,,,,,,,,,,,,,,,,,,,http://opendatacommunities.org/id/metropolitan-district-council/wigan,,SHLAA0370,,,,"https://www.arcgis.com/apps/webappviewer/index.html?id=4c4af404cd73491b8cf8dba6fc465395&query=Wigan_Brownfield_2017_Rev_A_9008_0,SITEREF,SHLAA0370",1.48,,,,,,,,,,,"A/16/82164 refers, Ena Mill Flapper Fold Lane Atherton Manchester M46 0HB",31/07/2017,31/07/2017,,,
,,,,,,,,,,,,,,,,,,,,,,,,,,,,,,,,,,,,,,,,,,,,,,,,,,,,,,,,,,,,,,,,,,,,,,,,,,,,,,,,,,,,,,,,,,,,,,,,,,,,,,,,,,,,,,,,,,,,,,,,,,,,,,,,,,,,,,,,,,,,,,,,,,,,,,,,,,,,http://opendatacommunities.org/id/metropolitan-district-council/wigan,,SHLAA0392,,,,"https://www.arcgis.com/apps/webappviewer/index.html?id=4c4af404cd73491b8cf8dba6fc465395&query=Wigan_Brownfield_2017_Rev_A_9008_0,SITEREF,SHLAA0392",0.33,,,,,,,,,,,"A/16/82649 refers, Eastdale Old Hall Street Ince Wigan WN3 4QR",31/07/2017,31/07/2017,,,
,,,,,,,,,,,,,,,,,,,,,,,,,,,,,,,,,,,,,,,,,,,,,,,,,,,,,,,,,,,,,,,,,,,,,,,,,,,,,,,,,,,,,,,,,,,,,,,,,,,,,,,,,,,,,,,,,,,,,,,,,,,,,,,,,,,,,,,,,,,,,,,,,,,,,,,,,,,,http://opendatacommunities.org/id/metropolitan-district-council/wigan,,SHLAA0366,,,,"https://www.arcgis.com/apps/webappviewer/index.html?id=4c4af404cd73491b8cf8dba6fc465395&query=Wigan_Brownfield_2017_Rev_A_9008_0,SITEREF,SHLAA0366",0.02,,,,,,,,,,,"A/16/82100 refers, 3 Bridgeman Terrace Wigan WN1 1SX",31/07/2017,31/07/2017,,,
,,,,,,,,,,,,,,,,,,,,,,,,,,,,,,,,,,,,,,,,,,,,,,,,,,,,,,,,,,,,,,,,,,,,,,,,,,,,,,,,,,,,,,,,,,,,,,,,,,,,,,,,,,,,,,,,,,,,,,,,,,,,,,,,,,,,,,,,,,,,,,,,,,,,,,,,,,,,http://opendatacommunities.org/id/metropolitan-district-council/wigan,,SHLAA0369,,,,"https://www.arcgis.com/apps/webappviewer/index.html?id=4c4af404cd73491b8cf8dba6fc465395&query=Wigan_Brownfield_2017_Rev_A_9008_0,SITEREF,SHLAA0369",0.02,,,,,,,,,,,"A/16/82441 refers, Carriages Funeral Service 5 Market Street Leigh WN7 1ED",31/07/2017,31/07/2017,,,
,,,,,,,,,,,,,,,,,,,,,,,,,,,,,,,,,,,,,,,,,,,,,,,,,,,,,,,,,,,,,,,,,,,,,,,,,,,,,,,,,,,,,,,,,,,,,,,,,,,,,,,,,,,,,,,,,,,,,,,,,,,,,,,,,,,,,,,,,,,,,,,,,,,,,,,,,,,,http://opendatacommunities.org/id/metropolitan-district-council/wigan,,SHLAA0384,,,,"https://www.arcgis.com/apps/webappviewer/index.html?id=4c4af404cd73491b8cf8dba6fc465395&query=Wigan_Brownfield_2017_Rev_A_9008_0,SITEREF,SHLAA0384",0.01,,,,,,,,,,,"A/16/83150, 84 Railway Road Leigh WN7 4AN",31/07/2017,31/07/2017,,,
,,,,,,,,,,,,,,,,,,,,,,,,,,,,,,,,,,,,,,,,,,,,,,,,,,,,,,,,,,,,,,,,,,,,,,,,,,,,,,,,,,,,,,,,,,,,,,,,,,,,,,,,,,,,,,,,,,,,,,,,,,,,,,,,,,,,,,,,,,,,,,,,,,,,,,,,,,,,http://opendatacommunities.org/id/metropolitan-district-council/wigan,,SHLAA0380,,,,"https://www.arcgis.com/apps/webappviewer/index.html?id=4c4af404cd73491b8cf8dba6fc465395&query=Wigan_Brownfield_2017_Rev_A_9008_0,SITEREF,SHLAA0380",0.02,,,,,,,,,,,"A/16/83300 refers, The Dairy  2 Chadwick Street Leigh WN7 1RR",31/07/2017,31/07/2017,,,
,,,,,,,,,,,,,,,,,,,,,,,,,,,,,,,,,,,,,,,,,,,,,,,,,,,,,,,,,,,,,,,,,,,,,,,,,,,,,,,,,,,,,,,,,,,,,,,,,,,,,,,,,,,,,,,,,,,,,,,,,,,,,,,,,,,,,,,,,,,,,,,,,,,,,,,,,,,,http://opendatacommunities.org/id/metropolitan-district-council/wigan,,SHLAA0107,,,,"https://www.arcgis.com/apps/webappviewer/index.html?id=4c4af404cd73491b8cf8dba6fc465395&query=Wigan_Brownfield_2017_Rev_A_9008_0,SITEREF,SHLAA0107",3.66,,,,,,,,,,,"A/14/79464 refers, Land off Whitworth Way Wigan",01/04/2016,22/11/2017,,,
,,,,,,,,,,,,,,,,,,,,,,,,,,,,,,,,,,,,,,,,,,,,,,,,,,,,,,,,,,,,,,,,,,,,,,,,,,,,,,,,,,,,,,,,,,,,,,,,,,,,,,,,,,,,,,,,,,,,,,,,,,,,,,,,,,,,,,,,,,,,,,,,,,,,,,,,,,,,http://opendatacommunities.org/id/metropolitan-district-council/wigan,,SHLAA0196,,,,"https://www.arcgis.com/apps/webappviewer/index.html?id=4c4af404cd73491b8cf8dba6fc465395&query=Wigan_Brownfield_2017_Rev_A_9008_0,SITEREF,SHLAA0196",0.17,,,,,,,,,,,"A/16/81892 Reserved Matters to A/13/77642 Outline, Harvey Street Ince",01/04/2016,31/07/2017,,,
,,,,,,,,,,,,,,,,,,,,,,,,,,,,,,,,,,,,,,,,,,,,,,,,,,,,,,,,,,,,,,,,,,,,,,,,,,,,,,,,,,,,,,,,,,,,,,,,,,,,,,,,,,,,,,,,,,,,,,,,,,,,,,,,,,,,,,,,,,,,,,,,,,,,,,,,,,,,http://opendatacommunities.org/id/metropolitan-district-council/wigan,,SHLAA0134,,,,"https://www.arcgis.com/apps/webappviewer/index.html?id=4c4af404cd73491b8cf8dba6fc465395&query=Wigan_Brownfield_2017_Rev_A_9008_0,SITEREF,SHLAA0134",28.93,,,,,,,,,,,"A/12/77633 refers, Westwood Park Wigan",01/04/2016,01/04/2016,,,
,,,,,,,,,,,,,,,,,,,,,,,,,,,,,,,,,,,,,,,,,,,,,,,,,,,,,,,,,,,,,,,,,,,,,,,,,,,,,,,,,,,,,,,,,,,,,,,,,,,,,,,,,,,,,,,,,,,,,,,,,,,,,,,,,,,,,,,,,,,,,,,,,,,,,,,,,,,,http://opendatacommunities.org/id/metropolitan-district-council/wigan,,SHLAA0026,,,,"https://www.arcgis.com/apps/webappviewer/index.html?id=4c4af404cd73491b8cf8dba6fc465395&query=Wigan_Brownfield_2017_Rev_A_9008_0,SITEREF,SHLAA0026",0.3,,,,,,,,,,,", Rockleigh Hotel 50 Bolton Road Ashton-in-Makerfield",01/04/2016,01/04/2016,,,
,,,,,,,,,,,,,,,,,,,,,,,,,,,,,,,,,,,,,,,,,,,,,,,,,,,,,,,,,,,,,,,,,,,,,,,,,,,,,,,,,,,,,,,,,,,,,,,,,,,,,,,,,,,,,,,,,,,,,,,,,,,,,,,,,,,,,,,,,,,,,,,,,,,,,,,,,,,,http://opendatacommunities.org/id/metropolitan-district-council/wigan,,SHLAA0110,,,,"https://www.arcgis.com/apps/webappviewer/index.html?id=4c4af404cd73491b8cf8dba6fc465395&query=Wigan_Brownfield_2017_Rev_A_9008_0,SITEREF,SHLAA0110",0.31,,,,,,,,,,,", Land at former Park Inn public house Manchester Road Higher Ince",01/04/2016,01/04/2016,,,
,,,,,,,,,,,,,,,,,,,,,,,,,,,,,,,,,,,,,,,,,,,,,,,,,,,,,,,,,,,,,,,,,,,,,,,,,,,,,,,,,,,,,,,,,,,,,,,,,,,,,,,,,,,,,,,,,,,,,,,,,,,,,,,,,,,,,,,,,,,,,,,,,,,,,,,,,,,,http://opendatacommunities.org/id/metropolitan-district-council/wigan,,SHLAA0087,,,,"https://www.arcgis.com/apps/webappviewer/index.html?id=4c4af404cd73491b8cf8dba6fc465395&query=Wigan_Brownfield_2017_Rev_A_9008_0,SITEREF,SHLAA0087",0.4,,,,,,,,,,,", Land at Woodcock Drive, Platt Bridge",31/07/2017,31/07/2017,,,
,,,,,,,,,,,,,,,,,,,,,,,,,,,,,,,,,,,,,,,,,,,,,,,,,,,,,,,,,,,,,,,,,,,,,,,,,,,,,,,,,,,,,,,,,,,,,,,,,,,,,,,,,,,,,,,,,,,,,,,,,,,,,,,,,,,,,,,,,,,,,,,,,,,,,,,,,,,,http://opendatacommunities.org/id/metropolitan-district-council/wigan,,SHLAA0048,,,,"https://www.arcgis.com/apps/webappviewer/index.html?id=4c4af404cd73491b8cf8dba6fc465395&query=Wigan_Brownfield_2017_Rev_A_9008_0,SITEREF,SHLAA0048",3.11,,,,,,,,,,,", Land to west of Lovers Lane, Howe Bridge, Atherleigh",31/07/2017,31/07/2017,,,
,,,,,,,,,,,,,,,,,,,,,,,,,,,,,,,,,,,,,,,,,,,,,,,,,,,,,,,,,,,,,,,,,,,,,,,,,,,,,,,,,,,,,,,,,,,,,,,,,,,,,,,,,,,,,,,,,,,,,,,,,,,,,,,,,,,,,,,,,,,,,,,,,,,,,,,,,,,,http://opendatacommunities.org/id/metropolitan-district-council/wigan,,SHLAA0144,,,,"https://www.arcgis.com/apps/webappviewer/index.html?id=4c4af404cd73491b8cf8dba6fc465395&query=Wigan_Brownfield_2017_Rev_A_9008_0,SITEREF,SHLAA0144",0.12,,,,,,,,,,,", Albion Inn, 189 Bag Lane, Atherton",31/07/2017,31/07/2017,,,
,,,,,,,,,,,,,,,,,,,,,,,,,,,,,,,,,,,,,,,,,,,,,,,,,,,,,,,,,,,,,,,,,,,,,,,,,,,,,,,,,,,,,,,,,,,,,,,,,,,,,,,,,,,,,,,,,,,,,,,,,,,,,,,,,,,,,,,,,,,,,,,,,,,,,,,,,,,,http://opendatacommunities.org/id/metropolitan-district-council/wigan,,SHLAA0043,,,,"https://www.arcgis.com/apps/webappviewer/index.html?id=4c4af404cd73491b8cf8dba6fc465395&query=Wigan_Brownfield_2017_Rev_A_9008_0,SITEREF,SHLAA0043",1.31,,,,,,,,,,,", Land between Crankwood Road and Leeds/Liverpool Canal",31/07/2017,31/07/2017,,,
,,,,,,,,,,,,,,,,,,,,,,,,,,,,,,,,,,,,,,,,,,,,,,,,,,,,,,,,,,,,,,,,,,,,,,,,,,,,,,,,,,,,,,,,,,,,,,,,,,,,,,,,,,,,,,,,,,,,,,,,,,,,,,,,,,,,,,,,,,,,,,,,,,,,,,,,,,,,http://opendatacommunities.org/id/metropolitan-district-council/wigan,,SHLAA0028,,,,"https://www.arcgis.com/apps/webappviewer/index.html?id=4c4af404cd73491b8cf8dba6fc465395&query=Wigan_Brownfield_2017_Rev_A_9008_0,SITEREF,SHLAA0028",0.82,,,,,,,,,,,", Land to rear of 17-51 Heather Grove",31/07/2017,31/07/2017,,,
,,,,,,,,,,,,,,,,,,,,,,,,,,,,,,,,,,,,,,,,,,,,,,,,,,,,,,,,,,,,,,,,,,,,,,,,,,,,,,,,,,,,,,,,,,,,,,,,,,,,,,,,,,,,,,,,,,,,,,,,,,,,,,,,,,,,,,,,,,,,,,,,,,,,,,,,,,,,http://opendatacommunities.org/id/metropolitan-district-council/wigan,,SHLAA0204,,,,"https://www.arcgis.com/apps/webappviewer/index.html?id=4c4af404cd73491b8cf8dba6fc465395&query=Wigan_Brownfield_2017_Rev_A_9008_0,SITEREF,SHLAA0204",1.07,,,,,,,,,,,", The Bungalow, Pocket Nook Lane, Lowton",31/07/2017,31/07/2017,,,
,,,,,,,,,,,,,,,,,,,,,,,,,,,,,,,,,,,,,,,,,,,,,,,,,,,,,,,,,,,,,,,,,,,,,,,,,,,,,,,,,,,,,,,,,,,,,,,,,,,,,,,,,,,,,,,,,,,,,,,,,,,,,,,,,,,,,,,,,,,,,,,,,,,,,,,,,,,,http://opendatacommunities.org/id/metropolitan-district-council/wigan,,SHLAA0349,,,,"https://www.arcgis.com/apps/webappviewer/index.html?id=4c4af404cd73491b8cf8dba6fc465395&query=Wigan_Brownfield_2017_Rev_A_9008_0,SITEREF,SHLAA0349",0.22,,,,,,,,,,,", Development South Of Millgate Multi Storey Car Park Millgate",31/07/2017,31/07/2017,,,
,,,,,,,,,,,,,,,,,,,,,,,,,,,,,,,,,,,,,,,,,,,,,,,,,,,,,,,,,,,,,,,,,,,,,,,,,,,,,,,,,,,,,,,,,,,,,,,,,,,,,,,,,,,,,,,,,,,,,,,,,,,,,,,,,,,,,,,,,,,,,,,,,,,,,,,,,,,,http://opendatacommunities.org/id/metropolitan-district-council/wigan,,SHLAA0199,,,,"https://www.arcgis.com/apps/webappviewer/index.html?id=4c4af404cd73491b8cf8dba6fc465395&query=Wigan_Brownfield_2017_Rev_A_9008_0,SITEREF,SHLAA0199",0.22,,,,,,,,,,,", Wigan and Leigh College Boughey Street Leigh",31/07/2017,31/07/2017,,,
,,,,,,,,,,,,,,,,,,,,,,,,,,,,,,,,,,,,,,,,,,,,,,,,,,,,,,,,,,,,,,,,,,,,,,,,,,,,,,,,,,,,,,,,,,,,,,,,,,,,,,,,,,,,,,,,,,,,,,,,,,,,,,,,,,,,,,,,,,,,,,,,,,,,,,,,,,,,http://opendatacommunities.org/id/metropolitan-district-council/wigan,,SHLAA0265,,,,"https://www.arcgis.com/apps/webappviewer/index.html?id=4c4af404cd73491b8cf8dba6fc465395&query=Wigan_Brownfield_2017_Rev_A_9008_0,SITEREF,SHLAA0265",0.61,,,,,,,,,,,", Hindleys Farm Wigan Road Atherton",31/07/2017,31/07/2017,,,
,,,,,,,,,,,,,,,,,,,,,,,,,,,,,,,,,,,,,,,,,,,,,,,,,,,,,,,,,,,,,,,,,,,,,,,,,,,,,,,,,,,,,,,,,,,,,,,,,,,,,,,,,,,,,,,,,,,,,,,,,,,,,,,,,,,,,,,,,,,,,,,,,,,,,,,,,,,,http://opendatacommunities.org/id/metropolitan-district-council/wigan,,SHLAA0239,,,,"https://www.arcgis.com/apps/webappviewer/index.html?id=4c4af404cd73491b8cf8dba6fc465395&query=Wigan_Brownfield_2017_Rev_A_9008_0,SITEREF,SHLAA0239",0.69,,,,,,,,,,,", Land at Parsonage Farm and Garage Westleigh Lane",31/07/2017,31/07/2017,,,
,,,,,,,,,,,,,,,,,,,,,,,,,,,,,,,,,,,,,,,,,,,,,,,,,,,,,,,,,,,,,,,,,,,,,,,,,,,,,,,,,,,,,,,,,,,,,,,,,,,,,,,,,,,,,,,,,,,,,,,,,,,,,,,,,,,,,,,,,,,,,,,,,,,,,,,,,,,,http://opendatacommunities.org/id/metropolitan-district-council/wigan,,SHLAA0339,,,,"https://www.arcgis.com/apps/webappviewer/index.html?id=4c4af404cd73491b8cf8dba6fc465395&query=Wigan_Brownfield_2017_Rev_A_9008_0,SITEREF,SHLAA0339",0.37,,,,,,,,,,,", Land at Briar Grove, Leigh",31/07/2017,31/07/2017,,,
,,,,,,,,,,,,,,,,,,,,,,,,,,,,,,,,,,,,,,,,,,,,,,,,,,,,,,,,,,,,,,,,,,,,,,,,,,,,,,,,,,,,,,,,,,,,,,,,,,,,,,,,,,,,,,,,,,,,,,,,,,,,,,,,,,,,,,,,,,,,,,,,,,,,,,,,,,,,http://opendatacommunities.org/id/metropolitan-district-council/wigan,,SHLAA0147,,,,"https://www.arcgis.com/apps/webappviewer/index.html?id=4c4af404cd73491b8cf8dba6fc465395&query=Wigan_Brownfield_2017_Rev_A_9008_0,SITEREF,SHLAA0147",0.23,,,,,,,,,,,", Wigan and Leigh College, Railway Road, Leigh",31/07/2017,31/07/2017,,,
,,,,,,,,,,,,,,,,,,,,,,,,,,,,,,,,,,,,,,,,,,,,,,,,,,,,,,,,,,,,,,,,,,,,,,,,,,,,,,,,,,,,,,,,,,,,,,,,,,,,,,,,,,,,,,,,,,,,,,,,,,,,,,,,,,,,,,,,,,,,,,,,,,,,,,,,,,,,http://opendatacommunities.org/id/metropolitan-district-council/wigan,,SHLAA0098,,,,"https://www.arcgis.com/apps/webappviewer/index.html?id=4c4af404cd73491b8cf8dba6fc465395&query=Wigan_Brownfield_2017_Rev_A_9008_0,SITEREF,SHLAA0098",0.92,,,,,,,,,,,", Council depot, Christopher Street, Ince",31/07/2017,31/07/2017,,,
,,,,,,,,,,,,,,,,,,,,,,,,,,,,,,,,,,,,,,,,,,,,,,,,,,,,,,,,,,,,,,,,,,,,,,,,,,,,,,,,,,,,,,,,,,,,,,,,,,,,,,,,,,,,,,,,,,,,,,,,,,,,,,,,,,,,,,,,,,,,,,,,,,,,,,,,,,,,http://opendatacommunities.org/id/metropolitan-district-council/wigan,,SHLAA0104,,,,"https://www.arcgis.com/apps/webappviewer/index.html?id=4c4af404cd73491b8cf8dba6fc465395&query=Wigan_Brownfield_2017_Rev_A_9008_0,SITEREF,SHLAA0104",1.8,,,,,,,,,,,", Castle Hill Hindley",31/07/2017,31/07/2017,,,
,,,,,,,,,,,,,,,,,,,,,,,,,,,,,,,,,,,,,,,,,,,,,,,,,,,,,,,,,,,,,,,,,,,,,,,,,,,,,,,,,,,,,,,,,,,,,,,,,,,,,,,,,,,,,,,,,,,,,,,,,,,,,,,,,,,,,,,,,,,,,,,,,,,,,,,,,,,,http://opendatacommunities.org/id/metropolitan-district-council/wigan,,SHLAA0051,,,,"https://www.arcgis.com/apps/webappviewer/index.html?id=4c4af404cd73491b8cf8dba6fc465395&query=Wigan_Brownfield_2017_Rev_A_9008_0,SITEREF,SHLAA0051",1.23,,,,,,,,,,,"A/16/82818 refers, Land north of Bickershaw Lane, Platt Bridge",31/07/2017,04/10/2017,,,
,,,,,,,,,,,,,,,,,,,,,,,,,,,,,,,,,,,,,,,,,,,,,,,,,,,,,,,,,,,,,,,,,,,,,,,,,,,,,,,,,,,,,,,,,,,,,,,,,,,,,,,,,,,,,,,,,,,,,,,,,,,,,,,,,,,,,,,,,,,,,,,,,,,,,,,,,,,,http://opendatacommunities.org/id/metropolitan-district-council/wigan,,SHLAA0045,,,,"https://www.arcgis.com/apps/webappviewer/index.html?id=4c4af404cd73491b8cf8dba6fc465395&query=Wigan_Brownfield_2017_Rev_A_9008_0,SITEREF,SHLAA0045",20.81,,,,,,,,,,,"A/16/82492 refers, Westleigh Waterfront, Plank Lane, Leigh",31/07/2017,04/10/2017,,,
,,,,,,,,,,,,,,,,,,,,,,,,,,,,,,,,,,,,,,,,,,,,,,,,,,,,,,,,,,,,,,,,,,,,,,,,,,,,,,,,,,,,,,,,,,,,,,,,,,,,,,,,,,,,,,,,,,,,,,,,,,,,,,,,,,,,,,,,,,,,,,,,,,,,,,,,,,,,http://opendatacommunities.org/id/metropolitan-district-council/wigan,,SHLAA0338,,,,"https://www.arcgis.com/apps/webappviewer/index.html?id=4c4af404cd73491b8cf8dba6fc465395&query=Wigan_Brownfield_2017_Rev_A_9008_0,SITEREF,SHLAA0338",0.53,,,,,,,,,,,"A/15/81539 refers, Hemfield Road Ince",31/07/2017,31/07/2017,,,
,,,,,,,,,,,,,,,,,,,,,,,,,,,,,,,,,,,,,,,,,,,,,,,,,,,,,,,,,,,,,,,,,,,,,,,,,,,,,,,,,,,,,,,,,,,,,,,,,,,,,,,,,,,,,,,,,,,,,,,,,,,,,,,,,,,,,,,,,,,,,,,,,,,,,,,,,,,,http://opendatacommunities.org/id/metropolitan-district-council/wigan,,SHLAA0325,,,,"https://www.arcgis.com/apps/webappviewer/index.html?id=4c4af404cd73491b8cf8dba6fc465395&query=Wigan_Brownfield_2017_Rev_A_9008_0,SITEREF,SHLAA0325",0.62,,,,,,,,,,,"A/15/80753 refers, Former Gas Depot York Road Ashton-In-Makerfield",31/07/2017,31/07/2017,,,
,,,,,,,,,,,,,,,,,,,,,,,,,,,,,,,,,,,,,,,,,,,,,,,,,,,,,,,,,,,,,,,,,,,,,,,,,,,,,,,,,,,,,,,,,,,,,,,,,,,,,,,,,,,,,,,,,,,,,,,,,,,,,,,,,,,,,,,,,,,,,,,,,,,,,,,,,,,,http://opendatacommunities.org/id/metropolitan-district-council/wigan,,SHLAA0001B,,,,"https://www.arcgis.com/apps/webappviewer/index.html?id=4c4af404cd73491b8cf8dba6fc465395&query=Wigan_Brownfield_2017_Rev_A_9008_0,SITEREF,SHLAA0001B",2.83,,,,,,,,,,,"A/17/83509 Reserved Matters to A/12/76665 Outline, Land West Of Tiverton Avenue, South Of Corner Lane",31/07/2017,04/10/2017,,,
,,,,,,,,,,,,,,,,,,,,,,,,,,,,,,,,,,,,,,,,,,,,,,,,,,,,,,,,,,,,,,,,,,,,,,,,,,,,,,,,,,,,,,,,,,,,,,,,,,,,,,,,,,,,,,,,,,,,,,,,,,,,,,,,,,,,,,,,,,,,,,,,,,,,,,,,,,,,http://opendatacommunities.org/id/metropolitan-district-council/wigan,,SHLAA0192,,,,"https://www.arcgis.com/apps/webappviewer/index.html?id=4c4af404cd73491b8cf8dba6fc465395&query=Wigan_Brownfield_2017_Rev_A_9008_0,SITEREF,SHLAA0192",0.36,,,,,,,,,,,", Heatons Bakery, Boundary Street, Wigan",31/07/2017,04/10/2017,,,
,,,,,,,,,,,,,,,,,,,,,,,,,,,,,,,,,,,,,,,,,,,,,,,,,,,,,,,,,,,,,,,,,,,,,,,,,,,,,,,,,,,,,,,,,,,,,,,,,,,,,,,,,,,,,,,,,,,,,,,,,,,,,,,,,,,,,,,,,,,,,,,,,,,,,,,,,,,,http://opendatacommunities.org/id/metropolitan-district-council/wigan,,SHLAA0001,,,,"https://www.arcgis.com/apps/webappviewer/index.html?id=4c4af404cd73491b8cf8dba6fc465395&query=Wigan_Brownfield_2017_Rev_A_9008_0,SITEREF,SHLAA0001",52.27,,,,,,,,,,,"A/12/76665 refers, Northleigh, Hindley Green",01/04/2016,31/07/2017,,,
,,,,,,,,,,,,,,,,,,,,,,,,,,,,,,,,,,,,,,,,,,,,,,,,,,,,,,,,,,,,,,,,,,,,,,,,,,,,,,,,,,,,,,,,,,,,,,,,,,,,,,,,,,,,,,,,,,,,,,,,,,,,,,,,,,,,,,,,,,,,,,,,,,,,,,,,,,,,http://opendatacommunities.org/id/metropolitan-district-council/wigan,,SHLAA0214,,,,"https://www.arcgis.com/apps/webappviewer/index.html?id=4c4af404cd73491b8cf8dba6fc465395&query=Wigan_Brownfield_2017_Rev_A_9008_0,SITEREF,SHLAA0214",0.45,,,,,,,,,,,"A/16/83197 refers, AB Little & Co (Stubshaw Cross) Ltd 2-4 Woods Lane Ashton",31/07/2017,31/07/2017,,,
,,,,,,,,,,,,,,,,,,,,,,,,,,,,,,,,,,,,,,,,,,,,,,,,,,,,,,,,,,,,,,,,,,,,,,,,,,,,,,,,,,,,,,,,,,,,,,,,,,,,,,,,,,,,,,,,,,,,,,,,,,,,,,,,,,,,,,,,,,,,,,,,,,,,,,,,,,,,http://opendatacommunities.org/id/metropolitan-district-council/wigan,,SHLAA0305,,,,"https://www.arcgis.com/apps/webappviewer/index.html?id=4c4af404cd73491b8cf8dba6fc465395&query=Wigan_Brownfield_2017_Rev_A_9008_0,SITEREF,SHLAA0305",0.33,,,,,,,,,,,"A/14/79689 refers, Land At Marklands Farm Manchester Road Astley Tyldesley Manchester M29 7FB",31/07/2017,31/07/2017,,,
,,,,,,,,,,,,,,,,,,,,,,,,,,,,,,,,,,,,,,,,,,,,,,,,,,,,,,,,,,,,,,,,,,,,,,,,,,,,,,,,,,,,,,,,,,,,,,,,,,,,,,,,,,,,,,,,,,,,,,,,,,,,,,,,,,,,,,,,,,,,,,,,,,,,,,,,,,,,http://opendatacommunities.org/id/metropolitan-district-council/wigan,,SHLAA0205,,,,"https://www.arcgis.com/apps/webappviewer/index.html?id=4c4af404cd73491b8cf8dba6fc465395&query=Wigan_Brownfield_2017_Rev_A_9008_0,SITEREF,SHLAA0205",6.3,,,,,,,,,,,"A/16/82975 Reserved Matters to A/14/79922 Outline, Parsonage, Leigh",31/07/2017,31/07/2017,,,
,,,,,,,,,,,,,,,,,,,,,,,,,,,,,,,,,,,,,,,,,,,,,,,,,,,,,,,,,,,,,,,,,,,,,,,,,,,,,,,,,,,,,,,,,,,,,,,,,,,,,,,,,,,,,,,,,,,,,,,,,,,,,,,,,,,,,,,,,,,,,,,,,,,,,,,,,,,,http://opendatacommunities.org/id/metropolitan-district-council/wigan,,SHLAA0302,,,,"https://www.arcgis.com/apps/webappviewer/index.html?id=4c4af404cd73491b8cf8dba6fc465395&query=Wigan_Brownfield_2017_Rev_A_9008_0,SITEREF,SHLAA0302",0.29,,,,,,,,,,,"A/13/78799 refers, Former Pembway Leopold Street Pemberton Wigan WN5 8JG",31/07/2017,31/07/2017,,,
,,,,,,,,,,,,,,,,,,,,,,,,,,,,,,,,,,,,,,,,,,,,,,,,,,,,,,,,,,,,,,,,,,,,,,,,,,,,,,,,,,,,,,,,,,,,,,,,,,,,,,,,,,,,,,,,,,,,,,,,,,,,,,,,,,,,,,,,,,,,,,,,,,,,,,,,,,,,http://opendatacommunities.org/id/metropolitan-district-council/wigan,,SHLAA0208,,,,"https://www.arcgis.com/apps/webappviewer/index.html?id=4c4af404cd73491b8cf8dba6fc465395&query=Wigan_Brownfield_2017_Rev_A_9008_0,SITEREF,SHLAA0208",0.11,,,,,,,,,,,"A/14/79520 refers, Adjacent to 368 Warrington Road, Wigan",31/07/2017,31/07/2017,,,
,,,,,,,,,,,,,,,,,,,,,,,,,,,,,,,,,,,,,,,,,,,,,,,,,,,,,,,,,,,,,,,,,,,,,,,,,,,,,,,,,,,,,,,,,,,,,,,,,,,,,,,,,,,,,,,,,,,,,,,,,,,,,,,,,,,,,,,,,,,,,,,,,,,,,,,,,,,,http://opendatacommunities.org/id/metropolitan-district-council/wigan,,SHLAA0303,,,,"https://www.arcgis.com/apps/webappviewer/index.html?id=4c4af404cd73491b8cf8dba6fc465395&query=Wigan_Brownfield_2017_Rev_A_9008_0,SITEREF,SHLAA0303",0.08,,,,,,,,,,,"A/14/79718 refers, Ince Police Station 492 - 494 Warrington Road Ince",31/07/2017,31/07/2017,,,
,,,,,,,,,,,,,,,,,,,,,,,,,,,,,,,,,,,,,,,,,,,,,,,,,,,,,,,,,,,,,,,,,,,,,,,,,,,,,,,,,,,,,,,,,,,,,,,,,,,,,,,,,,,,,,,,,,,,,,,,,,,,,,,,,,,,,,,,,,,,,,,,,,,,,,,,,,,,http://opendatacommunities.org/id/metropolitan-district-council/wigan,,SHLAA0313,,,,"https://www.arcgis.com/apps/webappviewer/index.html?id=4c4af404cd73491b8cf8dba6fc465395&query=Wigan_Brownfield_2017_Rev_A_9008_0,SITEREF,SHLAA0313",0.05,,,,,,,,,,,"A/15/80412 refers, 159-163  Downall Green Road Ashton-In-Makerfield Wigan WN4 0DW",31/07/2017,31/07/2017,,,
,,,,,,,,,,,,,,,,,,,,,,,,,,,,,,,,,,,,,,,,,,,,,,,,,,,,,,,,,,,,,,,,,,,,,,,,,,,,,,,,,,,,,,,,,,,,,,,,,,,,,,,,,,,,,,,,,,,,,,,,,,,,,,,,,,,,,,,,,,,,,,,,,,,,,,,,,,,,http://opendatacommunities.org/id/metropolitan-district-council/wigan,,SHLAA0307,,,,"https://www.arcgis.com/apps/webappviewer/index.html?id=4c4af404cd73491b8cf8dba6fc465395&query=Wigan_Brownfield_2017_Rev_A_9008_0,SITEREF,SHLAA0307",0.1,,,,,,,,,,,"A/14/80022 refers, Development Land East Of 2 - 4 Woods Lane Ashton-In-Makerfield",31/07/2017,31/07/2017,,,
,,,,,,,,,,,,,,,,,,,,,,,,,,,,,,,,,,,,,,,,,,,,,,,,,,,,,,,,,,,,,,,,,,,,,,,,,,,,,,,,,,,,,,,,,,,,,,,,,,,,,,,,,,,,,,,,,,,,,,,,,,,,,,,,,,,,,,,,,,,,,,,,,,,,,,,,,,,,http://opendatacommunities.org/id/metropolitan-district-council/wigan,,SHLAA0341,,,,"https://www.arcgis.com/apps/webappviewer/index.html?id=4c4af404cd73491b8cf8dba6fc465395&query=Wigan_Brownfield_2017_Rev_A_9008_0,SITEREF,SHLAA0341",0.02,,,,,,,,,,,"A/15/81565 refers, Warehouse Humphrey Street Ince",31/07/2017,31/07/2017,,,
,,,,,,,,,,,,,,,,,,,,,,,,,,,,,,,,,,,,,,,,,,,,,,,,,,,,,,,,,,,,,,,,,,,,,,,,,,,,,,,,,,,,,,,,,,,,,,,,,,,,,,,,,,,,,,,,,,,,,,,,,,,,,,,,,,,,,,,,,,,,,,,,,,,,,,,,,,,,http://opendatacommunities.org/id/metropolitan-district-council/wigan,,SHLAA0312,,,,"https://www.arcgis.com/apps/webappviewer/index.html?id=4c4af404cd73491b8cf8dba6fc465395&query=Wigan_Brownfield_2017_Rev_A_9008_0,SITEREF,SHLAA0312",0.04,,,,,,,,,,,"A/15/80382 refers, 1 - 5 New Market Street Wigan WN1 1SE",31/07/2017,31/07/2017,,,
,,,,,,,,,,,,,,,,,,,,,,,,,,,,,,,,,,,,,,,,,,,,,,,,,,,,,,,,,,,,,,,,,,,,,,,,,,,,,,,,,,,,,,,,,,,,,,,,,,,,,,,,,,,,,,,,,,,,,,,,,,,,,,,,,,,,,,,,,,,,,,,,,,,,,,,,,,,,http://opendatacommunities.org/id/metropolitan-district-council/wigan,,SHLAA0357,,,,"https://www.arcgis.com/apps/webappviewer/index.html?id=4c4af404cd73491b8cf8dba6fc465395&query=Wigan_Brownfield_2017_Rev_A_9008_0,SITEREF,SHLAA0357",0.15,,,,,,,,,,,"A/16/82187 refers, Site Of Methodist School Plank Lane Leigh",31/07/2017,31/07/2017,,,
,,,,,,,,,,,,,,,,,,,,,,,,,,,,,,,,,,,,,,,,,,,,,,,,,,,,,,,,,,,,,,,,,,,,,,,,,,,,,,,,,,,,,,,,,,,,,,,,,,,,,,,,,,,,,,,,,,,,,,,,,,,,,,,,,,,,,,,,,,,,,,,,,,,,,,,,,,,,http://opendatacommunities.org/id/metropolitan-district-council/wigan,,SHLAA0301,,,,"https://www.arcgis.com/apps/webappviewer/index.html?id=4c4af404cd73491b8cf8dba6fc465395&query=Wigan_Brownfield_2017_Rev_A_9008_0,SITEREF,SHLAA0301",0.14,,,,,,,,,,,"A/14/79465 refers, Pemberton Central Ward Labour Club Enfield Street Wigan WN5 8DJ",31/07/2017,31/07/2017,,,
,,,,,,,,,,,,,,,,,,,,,,,,,,,,,,,,,,,,,,,,,,,,,,,,,,,,,,,,,,,,,,,,,,,,,,,,,,,,,,,,,,,,,,,,,,,,,,,,,,,,,,,,,,,,,,,,,,,,,,,,,,,,,,,,,,,,,,,,,,,,,,,,,,,,,,,,,,,,http://opendatacommunities.org/id/metropolitan-district-council/wigan,,SHLAA0127,,,,"https://www.arcgis.com/apps/webappviewer/index.html?id=4c4af404cd73491b8cf8dba6fc465395&query=Wigan_Brownfield_2017_Rev_A_9008_0,SITEREF,SHLAA0127",0.24,,,,,,,,,,,"A/12/76863 refers, Open land south of 12 Car Street, Platt Bridge",31/07/2017,31/07/2017,,,
,,,,,,,,,,,,,,,,,,,,,,,,,,,,,,,,,,,,,,,,,,,,,,,,,,,,,,,,,,,,,,,,,,,,,,,,,,,,,,,,,,,,,,,,,,,,,,,,,,,,,,,,,,,,,,,,,,,,,,,,,,,,,,,,,,,,,,,,,,,,,,,,,,,,,,,,,,,,http://opendatacommunities.org/id/metropolitan-district-council/wigan,,SHLAA0415,,,,"https://www.arcgis.com/apps/webappviewer/index.html?id=4c4af404cd73491b8cf8dba6fc465395&query=Wigan_Brownfield_2017_Rev_A_9008_0,SITEREF,SHLAA0415",0.25,,,,,,,,,,,", Stonehouse Day Nursery St Helens Road Leigh",31/07/2017,31/07/2017,,,
,,,,,,,,,,,,,,,,,,,,,,,,,,,,,,,,,,,,,,,,,,,,,,,,,,,,,,,,,,,,,,,,,,,,,,,,,,,,,,,,,,,,,,,,,,,,,,,,,,,,,,,,,,,,,,,,,,,,,,,,,,,,,,,,,,,,,,,,,,,,,,,,,,,,,,,,,,,,http://opendatacommunities.org/id/metropolitan-district-council/wigan,,SHLAA0407,,,,"https://www.arcgis.com/apps/webappviewer/index.html?id=4c4af404cd73491b8cf8dba6fc465395&query=Wigan_Brownfield_2017_Rev_A_9008_0,SITEREF,SHLAA0407",0.38,,,,,,,,,,,", Car park, former Town Hall site, Rodney Street",31/07/2017,31/07/2017,,,
,,,,,,,,,,,,,,,,,,,,,,,,,,,,,,,,,,,,,,,,,,,,,,,,,,,,,,,,,,,,,,,,,,,,,,,,,,,,,,,,,,,,,,,,,,,,,,,,,,,,,,,,,,,,,,,,,,,,,,,,,,,,,,,,,,,,,,,,,,,,,,,,,,,,,,,,,,,,http://opendatacommunities.org/id/metropolitan-district-council/wigan,,SHLAA0411,,,,"https://www.arcgis.com/apps/webappviewer/index.html?id=4c4af404cd73491b8cf8dba6fc465395&query=Wigan_Brownfield_2017_Rev_A_9008_0,SITEREF,SHLAA0411",0.2,,,,,,,,,,,", Walkden House",31/07/2017,31/07/2017,,,
,,,,,,,,,,,,,,,,,,,,,,,,,,,,,,,,,,,,,,,,,,,,,,,,,,,,,,,,,,,,,,,,,,,,,,,,,,,,,,,,,,,,,,,,,,,,,,,,,,,,,,,,,,,,,,,,,,,,,,,,,,,,,,,,,,,,,,,,,,,,,,,,,,,,,,,,,,,,http://opendatacommunities.org/id/metropolitan-district-council/wigan,,SHLAA0405,,,,"https://www.arcgis.com/apps/webappviewer/index.html?id=4c4af404cd73491b8cf8dba6fc465395&query=Wigan_Brownfield_2017_Rev_A_9008_0,SITEREF,SHLAA0405",0.44,,,,,,,,,,,", Land adjacent to Premier Inn, Harrogate Street",31/07/2017,31/07/2017,,,
,,,,,,,,,,,,,,,,,,,,,,,,,,,,,,,,,,,,,,,,,,,,,,,,,,,,,,,,,,,,,,,,,,,,,,,,,,,,,,,,,,,,,,,,,,,,,,,,,,,,,,,,,,,,,,,,,,,,,,,,,,,,,,,,,,,,,,,,,,,,,,,,,,,,,,,,,,,,http://opendatacommunities.org/id/metropolitan-district-council/wigan,,SHLAA0414,,,,"https://www.arcgis.com/apps/webappviewer/index.html?id=4c4af404cd73491b8cf8dba6fc465395&query=Wigan_Brownfield_2017_Rev_A_9008_0,SITEREF,SHLAA0414",0.36,,,,,,,,,,,", 1-40 Limefield Scholes",31/07/2017,31/07/2017,,,
,,,,,,,,,,,,,,,,,,,,,,,,,,,,,,,,,,,,,,,,,,,,,,,,,,,,,,,,,,,,,,,,,,,,,,,,,,,,,,,,,,,,,,,,,,,,,,,,,,,,,,,,,,,,,,,,,,,,,,,,,,,,,,,,,,,,,,,,,,,,,,,,,,,,,,,,,,,,http://opendatacommunities.org/id/metropolitan-district-council/wigan,,SHLAA0404,,,,"https://www.arcgis.com/apps/webappviewer/index.html?id=4c4af404cd73491b8cf8dba6fc465395&query=Wigan_Brownfield_2017_Rev_A_9008_0,SITEREF,SHLAA0404",1.1,,,,,,,,,,,"A/17/84214 refers, Site of Chadwicks Waste Transfer, Rowan Meadows, Leigh",31/07/2017,22/11/2017,,,
,,,,,,,,,,,,,,,,,,,,,,,,,,,,,,,,,,,,,,,,,,,,,,,,,,,,,,,,,,,,,,,,,,,,,,,,,,,,,,,,,,,,,,,,,,,,,,,,,,,,,,,,,,,,,,,,,,,,,,,,,,,,,,,,,,,,,,,,,,,,,,,,,,,,,,,,,,,,http://opendatacommunities.org/id/metropolitan-district-council/wigan,,SHLAA0419,,,,"https://www.arcgis.com/apps/webappviewer/index.html?id=4c4af404cd73491b8cf8dba6fc465395&query=Wigan_Brownfield_2017_Rev_A_9008_0,SITEREF,SHLAA0419",0.02,,,,,,,,,,,"A/17/84085 refers, 14 Railway Road Leigh WN7 4AX",31/07/2017,31/07/2017,,,
,,,,,,,,,,,,,,,,,,,,,,,,,,,,,,,,,,,,,,,,,,,,,,,,,,,,,,,,,,,,,,,,,,,,,,,,,,,,,,,,,,,,,,,,,,,,,,,,,,,,,,,,,,,,,,,,,,,,,,,,,,,,,,,,,,,,,,,,,,,,,,,,,,,,,,,,,,,,http://opendatacommunities.org/id/metropolitan-district-council/wigan,,SHLAA0418,,,,"https://www.arcgis.com/apps/webappviewer/index.html?id=4c4af404cd73491b8cf8dba6fc465395&query=Wigan_Brownfield_2017_Rev_A_9008_0,SITEREF,SHLAA0418",0.02,,,,,,,,,,,"A/17/84078 refers, 5 Springfield Road Wigan WN6 7AT",31/07/2017,31/07/2017,,,
,,,,,,,,,,,,,,,,,,,,,,,,,,,,,,,,,,,,,,,,,,,,,,,,,,,,,,,,,,,,,,,,,,,,,,,,,,,,,,,,,,,,,,,,,,,,,,,,,,,,,,,,,,,,,,,,,,,,,,,,,,,,,,,,,,,,,,,,,,,,,,,,,,,,,,,,,,,,http://opendatacommunities.org/id/metropolitan-district-council/wigan,,SHLAA0417,,,,"https://www.arcgis.com/apps/webappviewer/index.html?id=4c4af404cd73491b8cf8dba6fc465395&query=Wigan_Brownfield_2017_Rev_A_9008_0,SITEREF,SHLAA0417",0.16,,,,,,,,,,,"A/17/83573 refers, HI Q Fabrications Ltd Clarence Street Golborne Warrington WA3 3RR",31/07/2017,31/07/2017,,,
,,,,,,,,,,,,,,,,,,,,,,,,,,,,,,,,,,,,,,,,,,,,,,,,,,,,,,,,,,,,,,,,,,,,,,,,,,,,,,,,,,,,,,,,,,,,,,,,,,,,,,,,,,,,,,,,,,,,,,,,,,,,,,,,,,,,,,,,,,,,,,,,,,,,,,,,,,,,http://opendatacommunities.org/id/metropolitan-district-council/wigan,,SHLAA0423,,,,"https://www.arcgis.com/apps/webappviewer/index.html?id=4c4af404cd73491b8cf8dba6fc465395&query=Wigan_Brownfield_2017_Rev_A_9008_0,SITEREF,SHLAA0423",0.81,,,,,,,,,,,", Oaklands Newton Road",11/10/2017,31/10/2017,,,
,,,,,,,,,,,,,,,,,,,,,,,,,,,,,,,,,,,,,,,,,,,,,,,,,,,,,,,,,,,,,,,,,,,,,,,,,,,,,,,,,,,,,,,,,,,,,,,,,,,,,,,,,,,,,,,,,,,,,,,,,,,,,,,,,,,,,,,,,,,,,,,,,,,,,,,,,,,,http://opendatacommunities.org/id/metropolitan-district-council/wigan,,SHLAA0327,,,,"https://www.arcgis.com/apps/webappviewer/index.html?id=4c4af404cd73491b8cf8dba6fc465395&query=Wigan_Brownfield_2017_Rev_A_9008_0,SITEREF,SHLAA0327",0.7,,,,,,,,,,,"A/14/79668 refers, Land east of Phoenix Way",20/11/2017,20/11/2017,,,
